{"loss": [0.4927368462085724, 0.44837895035743713, 0.4194366931915283, 0.3979208171367645, 0.39781060814857483, 0.38652101159095764, 0.37957215309143066, 0.36903926730155945, 0.3672146797180176, 0.36113739013671875, 0.35362914204597473, 0.3489937484264374, 0.3448180854320526, 0.3310474753379822, 0.32940784096717834, 0.3281668722629547, 0.31771719455718994, 0.3154122233390808, 0.3094233572483063, 0.30963659286499023, 0.30322620272636414, 0.3048374652862549, 0.31760603189468384, 0.29703691601753235, 0.2944226861000061], "iou_score": [0.3676244020462036, 0.40864500403404236, 0.43928900361061096, 0.46220844984054565, 0.46268555521965027, 0.4752114415168762, 0.48297861218452454, 0.49538666009902954, 0.497965008020401, 0.5039066672325134, 0.5126498341560364, 0.5172392725944519, 0.521885871887207, 0.5361745953559875, 0.5387802124023438, 0.5397982001304626, 0.5518520474433899, 0.5543961524963379, 0.5613504648208618, 0.561189591884613, 0.5688014030456543, 0.5676275491714478, 0.5526211857795715, 0.5759630799293518, 0.5800246596336365], "f1-score": [0.50726318359375, 0.551620602607727, 0.5805633664131165, 0.602078914642334, 0.6021892428398132, 0.6134791970252991, 0.6204279661178589, 0.6309605240821838, 0.6327855587005615, 0.6388624906539917, 0.646370530128479, 0.651006281375885, 0.655181884765625, 0.6689525842666626, 0.670592188835144, 0.6718329787254333, 0.6822830438613892, 0.6845878958702087, 0.6905767917633057, 0.6903635859489441, 0.6967738270759583, 0.6951625943183899, 0.6823941469192505, 0.7029632329940796, 0.7055769562721252], "val_loss": [0.47196319699287415, 0.4677172601222992, 0.45941534638404846, 0.4012802243232727, 0.4186550974845886, 0.36468347907066345, 0.3892328143119812, 0.42428281903266907, 0.3635796308517456, 0.3490898013114929, 0.345695823431015, 0.37373000383377075, 0.3578856289386749, 0.34083008766174316, 0.3910444676876068, 0.34077149629592896, 0.3341309130191803, 0.30788642168045044, 0.3114204704761505, 0.33655300736427307, 0.31096768379211426, 0.3111734092235565, 0.3254969120025635, 0.29872363805770874, 0.3087107837200165], "val_iou_score": [0.3919280171394348, 0.40034976601600647, 0.40567758679389954, 0.46260884404182434, 0.4444847106933594, 0.5054312348365784, 0.47918832302093506, 0.44032105803489685, 0.5044822692871094, 0.5208200216293335, 0.5258327722549438, 0.49819880723953247, 0.5100851655006409, 0.5280581712722778, 0.473231703042984, 0.5280400514602661, 0.5405712127685547, 0.5656436681747437, 0.5613464117050171, 0.5350255370140076, 0.5630571246147156, 0.5606560111045837, 0.5529526472091675, 0.5773493051528931, 0.5698548555374146], "val_f1-score": [0.5280365347862244, 0.532282829284668, 0.5405847430229187, 0.5987198352813721, 0.5813449621200562, 0.6353167295455933, 0.610767126083374, 0.5757173895835876, 0.636420488357544, 0.6509104371070862, 0.6543043255805969, 0.626270055770874, 0.6421144008636475, 0.6591698527336121, 0.6089556217193604, 0.6592283844947815, 0.6658689975738525, 0.6921138763427734, 0.6885796189308167, 0.6634469628334045, 0.6890320777893066, 0.6888266205787659, 0.6745029091835022, 0.7012763619422913, 0.6912891864776611], "time": 4979.629758834839, "params": 24439529}