{"loss": [0.3847564458847046, 0.322954922914505, 0.2929815948009491, 0.27631571888923645, 0.2712874710559845, 0.26117879152297974, 0.24687319993972778, 0.24655495584011078, 0.23892435431480408, 0.2383951097726822, 0.2317703664302826, 0.22699835896492004, 0.2280445545911789, 0.22247353196144104, 0.22712081670761108, 0.21918144822120667, 0.21447202563285828, 0.2103099524974823, 0.20687727630138397, 0.20712795853614807, 0.2059166133403778, 0.21019180119037628, 0.20306271314620972, 0.20023249089717865, 0.19971272349357605], "iou_score": [0.4803331792354584, 0.5468019247055054, 0.5812199711799622, 0.6007241606712341, 0.6064152121543884, 0.6197822690010071, 0.6367363929748535, 0.6374998688697815, 0.6476647853851318, 0.6477972865104675, 0.6559279561042786, 0.662855863571167, 0.6609951853752136, 0.6680887341499329, 0.66318279504776, 0.67279052734375, 0.6789801120758057, 0.6836467981338501, 0.688600480556488, 0.6879789233207703, 0.6891109943389893, 0.6846914291381836, 0.6933532357215881, 0.6958450675010681, 0.6977701783180237], "f1-score": [0.6152437329292297, 0.6770455837249756, 0.7070183753967285, 0.723684549331665, 0.7287123799324036, 0.7388217449188232, 0.7531265616416931, 0.7534448504447937, 0.761076033115387, 0.761604905128479, 0.7682294249534607, 0.7730014324188232, 0.771955132484436, 0.7775261402130127, 0.7728794813156128, 0.78081876039505, 0.785527765750885, 0.7896902561187744, 0.7931223511695862, 0.7928720116615295, 0.7940829396247864, 0.7898083925247192, 0.7969373464584351, 0.7997673749923706, 0.8002867698669434], "val_loss": [0.4284033179283142, 0.49372947216033936, 0.28096187114715576, 0.2968331277370453, 0.28852492570877075, 0.27128568291664124, 0.2660457491874695, 0.23855265974998474, 0.2780717611312866, 0.23325344920158386, 0.274088978767395, 0.26346999406814575, 0.27691197395324707, 0.24466034770011902, 0.30559226870536804, 0.2143736481666565, 0.2655833065509796, 0.21517473459243774, 0.2366756796836853, 0.22451655566692352, 0.23185551166534424, 0.218278169631958, 0.20937618613243103, 0.2134169191122055, 0.22872985899448395], "val_iou_score": [0.43915122747421265, 0.37362560629844666, 0.5991763472557068, 0.5761992335319519, 0.5894401669502258, 0.6118514537811279, 0.6215386986732483, 0.6545445322990417, 0.6020877957344055, 0.6592828631401062, 0.6058926582336426, 0.624139130115509, 0.6004781126976013, 0.6422299742698669, 0.5614467859268188, 0.6802075505256653, 0.6147927045822144, 0.6819528937339783, 0.6536809206008911, 0.6718408465385437, 0.6600176095962524, 0.6758778691291809, 0.6862455606460571, 0.682105541229248, 0.6677860021591187], "val_f1-score": [0.5715966820716858, 0.5062705874443054, 0.7190382480621338, 0.7031669616699219, 0.7114749550819397, 0.7287140488624573, 0.7339545488357544, 0.7614474892616272, 0.7219281196594238, 0.7667464017868042, 0.725911021232605, 0.7365302443504333, 0.7230880260467529, 0.7553395628929138, 0.6944078207015991, 0.785626232624054, 0.7344164848327637, 0.7848252654075623, 0.7633243799209595, 0.7754838466644287, 0.7681443691253662, 0.7817220091819763, 0.7906240820884705, 0.7865830659866333, 0.7712703347206116], "time": 6957.430861949921, "params": 35052822}