{"loss": [0.43717896938323975, 0.3471834659576416, 0.3308899402618408, 0.30793190002441406, 0.3084946870803833, 0.2835860252380371, 0.2749413549900055, 0.27770015597343445, 0.2623347043991089, 0.2604370415210724, 0.25859537720680237, 0.2508075535297394, 0.25194910168647766, 0.24298977851867676, 0.24173197150230408, 0.24400849640369415, 0.2411382645368576, 0.2386050671339035, 0.23229795694351196, 0.23222962021827698, 0.23089905083179474, 0.22999201714992523, 0.23079915344715118, 0.22184523940086365, 0.21899418532848358], "iou_score": [0.4304797649383545, 0.5196610689163208, 0.539336621761322, 0.5651426315307617, 0.5633154511451721, 0.5933353304862976, 0.6030756235122681, 0.6003581881523132, 0.6194536685943604, 0.6212594509124756, 0.6235585808753967, 0.6334974765777588, 0.6322621703147888, 0.6427018642425537, 0.6453956365585327, 0.6419410705566406, 0.6460438370704651, 0.6488775610923767, 0.6565772294998169, 0.6564757227897644, 0.6580235362052917, 0.6598902940750122, 0.6587810516357422, 0.6688377261161804, 0.6732113361358643], "f1-score": [0.562821090221405, 0.6528165936470032, 0.6691100597381592, 0.6920682787895203, 0.6915052533149719, 0.7164140343666077, 0.7250586748123169, 0.7222999334335327, 0.7376652956008911, 0.7395628094673157, 0.7414045929908752, 0.7491925954818726, 0.7480505704879761, 0.7570104598999023, 0.7582679390907288, 0.7559909820556641, 0.7588613629341125, 0.7613946199417114, 0.7677019238471985, 0.7677700519561768, 0.7691007852554321, 0.7700079083442688, 0.769200325012207, 0.7781543135643005, 0.7810062766075134], "val_loss": [0.4019104838371277, 0.36071541905403137, 0.3125621974468231, 0.32603204250335693, 0.2788047194480896, 0.26972049474716187, 0.3661405146121979, 0.3239521086215973, 0.2663325369358063, 0.26049813628196716, 0.2735067903995514, 0.281200647354126, 0.249009370803833, 0.2815435230731964, 0.2414691299200058, 0.26385498046875, 0.24227574467658997, 0.24678342044353485, 0.23224832117557526, 0.24136587977409363, 0.24179427325725555, 0.24202856421470642, 0.2680400311946869, 0.23954948782920837, 0.23396024107933044], "val_iou_score": [0.46526432037353516, 0.5093570947647095, 0.5647278428077698, 0.5450114607810974, 0.6023622751235962, 0.6125349402427673, 0.5002224445343018, 0.5486325621604919, 0.6188899278640747, 0.6276233196258545, 0.6079224348068237, 0.6004400253295898, 0.637319028377533, 0.5998046398162842, 0.6471015214920044, 0.6176787614822388, 0.6440166234970093, 0.6408779621124268, 0.6585426330566406, 0.6442748308181763, 0.6497477889060974, 0.6488195657730103, 0.611696720123291, 0.6480100750923157, 0.6598731875419617], "val_f1-score": [0.5980895757675171, 0.6392846703529358, 0.6874372363090515, 0.6739681959152222, 0.7211954593658447, 0.7302796244621277, 0.6338596940040588, 0.676047682762146, 0.7336673736572266, 0.7395020723342896, 0.726493239402771, 0.7187995314598083, 0.750990629196167, 0.7184567451477051, 0.7585305571556091, 0.7361448407173157, 0.7577238082885742, 0.7532171010971069, 0.7677518725395203, 0.7586344480514526, 0.7582056522369385, 0.757971465587616, 0.7319598197937012, 0.7604504823684692, 0.7660395503044128], "time": 5014.507359743118}