{"loss": [0.49859967827796936, 0.4237101674079895, 0.4027304947376251, 0.3863745927810669, 0.39343228936195374, 0.36398112773895264, 0.35611119866371155, 0.35664308071136475, 0.35728198289871216, 0.3413659334182739, 0.3424099385738373, 0.3342471122741699, 0.33733534812927246, 0.31774893403053284, 0.3170153498649597, 0.33891761302948, 0.3143823444843292, 0.30735230445861816, 0.30711886286735535, 0.30586111545562744, 0.30306634306907654, 0.30118682980537415, 0.29624664783477783, 0.29323774576187134, 0.2922899127006531], "iou_score": [0.3683539628982544, 0.4428299069404602, 0.46555599570274353, 0.4844309091567993, 0.47569766640663147, 0.5099381804466248, 0.5189363956451416, 0.518230676651001, 0.5167367458343506, 0.5351876616477966, 0.5331391096115112, 0.5428707599639893, 0.539503276348114, 0.5613729953765869, 0.5630430579185486, 0.5376541614532471, 0.5653862953186035, 0.574524462223053, 0.5744848251342773, 0.5757588148117065, 0.5798062086105347, 0.5816510915756226, 0.587918758392334, 0.5917608141899109, 0.5927460789680481], "f1-score": [0.5014001727104187, 0.5761389136314392, 0.5971235632896423, 0.6135092973709106, 0.6065285205841064, 0.6359612345695496, 0.6438499689102173, 0.6432151794433594, 0.6427101492881775, 0.6584675908088684, 0.65739506483078, 0.665600061416626, 0.6625195741653442, 0.681982159614563, 0.6828635931015015, 0.6609545946121216, 0.6853219270706177, 0.6924147009849548, 0.6927686929702759, 0.6939499378204346, 0.6967028975486755, 0.6986140012741089, 0.7035506367683411, 0.7067413926124573, 0.7076036334037781], "val_loss": [0.48929113149642944, 0.5374221205711365, 0.41790109872817993, 0.5133445262908936, 0.41527003049850464, 0.38747504353523254, 0.4947372078895569, 0.4172530770301819, 0.3451274037361145, 0.4998888373374939, 0.35331615805625916, 0.36125683784484863, 0.3291271924972534, 0.32640454173088074, 0.3512410521507263, 0.3622890114784241, 0.31562644243240356, 0.3545936048030853, 0.30564600229263306, 0.32660260796546936, 0.3936927616596222, 0.35754135251045227, 0.30137303471565247, 0.34291255474090576, 0.46019941568374634], "val_iou_score": [0.38261064887046814, 0.3422718048095703, 0.45526787638664246, 0.3541221618652344, 0.46366751194000244, 0.48644396662712097, 0.3775462806224823, 0.4519205093383789, 0.5338596701622009, 0.36970826983451843, 0.5212293863296509, 0.5149662494659424, 0.5513190627098083, 0.5549863576889038, 0.5286306142807007, 0.520462155342102, 0.5687284469604492, 0.5272064805030823, 0.5779092907905579, 0.5537402033805847, 0.4775765836238861, 0.5242876410484314, 0.5834601521492004, 0.5382393598556519, 0.4133732318878174], "val_f1-score": [0.5107088685035706, 0.462577760219574, 0.5820988416671753, 0.48665544390678406, 0.584729790687561, 0.6125247478485107, 0.5052627921104431, 0.5827468037605286, 0.6548728346824646, 0.5001111030578613, 0.6466833353042603, 0.6387431621551514, 0.6708728075027466, 0.6735957264900208, 0.6487591862678528, 0.6377113461494446, 0.6843739748001099, 0.6454058885574341, 0.6943544149398804, 0.6733971834182739, 0.606306791305542, 0.6424584984779358, 0.6986269950866699, 0.6570878028869629, 0.5398005247116089], "time": 9241.393309354782, "params": 51506409}