{"loss": [0.38674551248550415, 0.32568761706352234, 0.299387127161026, 0.2836436927318573, 0.27420634031295776, 0.2695789039134979, 0.26079320907592773, 0.2603108882904053, 0.258083313703537, 0.24956455826759338, 0.24923919141292572, 0.24784626066684723, 0.24735882878303528, 0.2538258135318756, 0.2442157119512558, 0.25110045075416565, 0.2699785530567169, 0.2426772564649582, 0.2963869571685791, 0.32783931493759155, 0.2673216462135315, 0.37821006774902344, 0.3612403869628906, 0.2441755086183548, 0.24633754789829254], "iou_score": [0.4886661767959595, 0.5548781156539917, 0.5849454402923584, 0.6047326922416687, 0.6158943772315979, 0.6212304830551147, 0.6325118541717529, 0.6338721513748169, 0.6360359191894531, 0.645455002784729, 0.6463478207588196, 0.6474888324737549, 0.6479890942573547, 0.6396206617355347, 0.6518496870994568, 0.6438753604888916, 0.6189842820167542, 0.6519075632095337, 0.596326470375061, 0.5660686492919922, 0.6245476007461548, 0.5279089212417603, 0.5489389896392822, 0.6521838307380676, 0.6491180658340454], "f1-score": [0.6132547855377197, 0.6741978526115417, 0.7004178166389465, 0.7163342237472534, 0.7256976366043091, 0.7303447723388672, 0.7391679286956787, 0.7395629286766052, 0.741885244846344, 0.7502261996269226, 0.7505783438682556, 0.7519857883453369, 0.7525863647460938, 0.7459230422973633, 0.7556555867195129, 0.7488013505935669, 0.7297758460044861, 0.7570343613624573, 0.7035946249961853, 0.6719512343406677, 0.7325512766838074, 0.6217426657676697, 0.6386995911598206, 0.7557241916656494, 0.7535884380340576], "val_loss": [0.3330579698085785, 0.299542635679245, 0.27678385376930237, 0.28022876381874084, 0.24653613567352295, 0.25885850191116333, 0.27028194069862366, 0.25175681710243225, 0.25905126333236694, 0.25656557083129883, 0.2852977514266968, 0.2912985384464264, 0.23340725898742676, 0.23689301311969757, 0.23566919565200806, 0.31280192732810974, 0.24354450404644012, 0.23256395757198334, 0.630949079990387, 0.25584790110588074, 0.480471134185791, 0.41297057271003723, 0.3576961159706116, 0.24628335237503052, 0.24628733098506927], "val_iou_score": [0.5463775396347046, 0.5887243151664734, 0.6132125854492188, 0.6144981980323792, 0.6521977186203003, 0.6369527578353882, 0.6234534382820129, 0.6452608704566956, 0.6369244456291199, 0.6416872143745422, 0.6077979803085327, 0.598259687423706, 0.6673163175582886, 0.6652628779411316, 0.6627467274665833, 0.5674130320549011, 0.6541610360145569, 0.6675122976303101, 0.27328190207481384, 0.6399480104446411, 0.41192498803138733, 0.4928145408630371, 0.5562971234321594, 0.6509924530982971, 0.6495212316513062], "val_f1-score": [0.6669418215751648, 0.7004571557044983, 0.7232161164283752, 0.7197713851928711, 0.7534638047218323, 0.7411414980888367, 0.7297176122665405, 0.7482431530952454, 0.740948498249054, 0.7434346079826355, 0.7147025465965271, 0.7087013125419617, 0.766592800617218, 0.7631067633628845, 0.7643311619758606, 0.6871979832649231, 0.7564549446105957, 0.7674360275268555, 0.36905065178871155, 0.7441515922546387, 0.519528865814209, 0.5870296359062195, 0.6423036456108093, 0.7537164092063904, 0.7537122964859009], "time": 8700.378667593002, "params": 17779278}