{"loss": [0.39433392882347107, 0.3412730395793915, 0.31927651166915894, 0.3071822226047516, 0.304891973733902, 0.28815969824790955, 0.2718087434768677, 0.2726893126964569, 0.2606978416442871, 0.25378555059432983, 0.254540354013443, 0.252826988697052, 0.2556259036064148, 0.24734285473823547, 0.23697534203529358, 0.23987913131713867, 0.2340259999036789, 0.24065883457660675, 0.23022927343845367, 0.22958537936210632, 0.23022770881652832, 0.22672276198863983, 0.2514728009700775, 0.23828350007534027, 0.22484874725341797], "iou_score": [0.47002342343330383, 0.5291678309440613, 0.5549179911613464, 0.5699753165245056, 0.5721436142921448, 0.5913730263710022, 0.610346257686615, 0.6098704934120178, 0.6246956586837769, 0.6323274374008179, 0.6310056447982788, 0.633088231086731, 0.6305657029151917, 0.6394548416137695, 0.6530190110206604, 0.6489050388336182, 0.6562520861625671, 0.6487148404121399, 0.6613091826438904, 0.6623888611793518, 0.6614013910293579, 0.6650283336639404, 0.6356914043426514, 0.651822566986084, 0.6681208610534668], "f1-score": [0.6056660413742065, 0.6586637496948242, 0.6805446743965149, 0.6927817463874817, 0.6950407028198242, 0.7118163108825684, 0.7282180786132812, 0.7273749709129333, 0.7393109202384949, 0.7462899088859558, 0.7453656196594238, 0.7470327019691467, 0.7443753480911255, 0.752531111240387, 0.7629567980766296, 0.760080099105835, 0.7659207582473755, 0.7593385577201843, 0.7698419094085693, 0.7703771591186523, 0.7697497010231018, 0.7733160257339478, 0.7484144568443298, 0.7616186141967773, 0.7750889658927917], "val_loss": [0.40277403593063354, 0.3680703043937683, 0.328147828578949, 0.33486348390579224, 0.3588913083076477, 0.29752689599990845, 0.2855834364891052, 0.29356783628463745, 0.2518377900123596, 0.2693767845630646, 0.2551535367965698, 0.3079600930213928, 0.286411315202713, 0.2691151201725006, 0.23591211438179016, 0.23916514217853546, 0.272318571805954, 0.23010613024234772, 0.2653878927230835, 0.24088867008686066, 0.26859602332115173, 0.24154029786586761, 0.2343357652425766, 0.30035990476608276, 0.24344772100448608], "val_iou_score": [0.46049055457115173, 0.5042073130607605, 0.5527687072753906, 0.539683997631073, 0.5238248705863953, 0.5816153883934021, 0.5941449403762817, 0.5871347784996033, 0.6382865309715271, 0.6168937683105469, 0.632943332195282, 0.5674242973327637, 0.5952230095863342, 0.6159842610359192, 0.6561876535415649, 0.6529980301856995, 0.6115388870239258, 0.6650636196136475, 0.6213897466659546, 0.6542908549308777, 0.6174502968788147, 0.6515689492225647, 0.6587054133415222, 0.5780134797096252, 0.6487443447113037], "val_f1-score": [0.5972262620925903, 0.6319297552108765, 0.6718519330024719, 0.665136456489563, 0.6411082744598389, 0.7024732232093811, 0.7144168019294739, 0.7064322829246521, 0.7481620907783508, 0.7306230664253235, 0.7448463439941406, 0.6920397877693176, 0.713588535785675, 0.7308846712112427, 0.7640876770019531, 0.7608345746994019, 0.7276814579963684, 0.7698939442634583, 0.734612226486206, 0.7591115236282349, 0.7314040064811707, 0.7584596872329712, 0.7656641602516174, 0.6996397972106934, 0.7565522789955139], "time": 9299.674472808838}