{"loss": [0.4113921821117401, 0.3382608890533447, 0.32935529947280884, 0.3107770085334778, 0.3054433763027191, 0.2883957028388977, 0.28741592168807983, 0.2765771746635437, 0.26676928997039795, 0.25728529691696167, 0.2544355094432831, 0.25164994597435, 0.24696767330169678, 0.24293412268161774, 0.2435069978237152, 0.23845022916793823, 0.23680131137371063, 0.23256681859493256, 0.22823607921600342, 0.2346537709236145, 0.2270832359790802, 0.2280489206314087, 0.22656506299972534, 0.22022001445293427, 0.22552047669887543], "iou_score": [0.45359814167022705, 0.530325710773468, 0.540905237197876, 0.5620718598365784, 0.568849503993988, 0.5901473760604858, 0.5896162986755371, 0.6016403436660767, 0.6137509942054749, 0.6254857182502747, 0.6287550330162048, 0.6328339576721191, 0.6383927464485168, 0.6432087421417236, 0.643415629863739, 0.6493255496025085, 0.651034414768219, 0.6565278172492981, 0.6616912484169006, 0.6536130309104919, 0.6627315878868103, 0.6628017425537109, 0.6642559766769409, 0.6711357831954956, 0.6656529307365417], "f1-score": [0.5886077880859375, 0.6617391705513, 0.6706448197364807, 0.6892225742340088, 0.6945564150810242, 0.7116040587425232, 0.712583601474762, 0.7234228253364563, 0.7332305908203125, 0.7427146434783936, 0.7455649375915527, 0.7483498454093933, 0.753031849861145, 0.7570657730102539, 0.7564926147460938, 0.7615494132041931, 0.763198971748352, 0.7674331068992615, 0.7717645764350891, 0.765346109867096, 0.7729164958000183, 0.771950900554657, 0.7734349966049194, 0.7797796726226807, 0.7744793891906738], "val_loss": [0.5081229209899902, 0.344240665435791, 0.3548777401447296, 0.33128026127815247, 0.3231741786003113, 0.27742621302604675, 0.3690962791442871, 0.28752267360687256, 0.2531304657459259, 0.29842454195022583, 0.2628495693206787, 0.2778185307979584, 0.2548615634441376, 0.3281688094139099, 0.38105419278144836, 0.23294152319431305, 0.30676573514938354, 0.2710520625114441, 0.2592219412326813, 0.27991658449172974, 0.23419253528118134, 0.23773404955863953, 0.2284790575504303, 0.23033158481121063, 0.2381645292043686], "val_iou_score": [0.3576936423778534, 0.5290272235870361, 0.5140060186386108, 0.5463074445724487, 0.5530275106430054, 0.6064551472663879, 0.4991157054901123, 0.5934841632843018, 0.6329416036605835, 0.5824856162071228, 0.6196255087852478, 0.6048740744590759, 0.6301903128623962, 0.5430597066879272, 0.48637548089027405, 0.6591270565986633, 0.572684645652771, 0.6092334389686584, 0.6262968182563782, 0.5989037752151489, 0.6571727395057678, 0.6525048613548279, 0.6624135375022888, 0.6627246737480164, 0.6516238451004028], "val_f1-score": [0.491877019405365, 0.655759334564209, 0.6451223492622375, 0.6687194108963013, 0.6768258810043335, 0.7225738763809204, 0.6309036016464233, 0.712477445602417, 0.7468691468238831, 0.701575517654419, 0.7371503710746765, 0.7221813201904297, 0.7451384663581848, 0.6718311905860901, 0.6189457178115845, 0.7670585513114929, 0.6932343244552612, 0.7289479374885559, 0.7407780289649963, 0.7200833559036255, 0.7658073902130127, 0.7622656226158142, 0.7715206742286682, 0.7696686387062073, 0.7618351578712463], "time": 5064.143853664398, "params": 24439529}