{"loss": [0.3929126560688019, 0.3248388469219208, 0.4380675256252289, 0.3982791304588318, 0.37298446893692017, 0.3638896942138672, 0.34830090403556824, 0.34225428104400635, 0.3339115381240845, 0.32472729682922363, 0.3179261386394501, 0.31381961703300476, 0.31242355704307556, 0.30278247594833374, 0.3035820424556732, 0.3062780797481537, 0.2985471785068512, 0.308363676071167, 0.29504141211509705, 0.28490689396858215, 0.2921394109725952, 0.28069931268692017, 0.2877339720726013, 0.28766903281211853, 0.28895899653434753], "iou_score": [0.48109811544418335, 0.5531851649284363, 0.4274406135082245, 0.4711916446685791, 0.49922439455986023, 0.5102875232696533, 0.5287023186683655, 0.5360504388809204, 0.5445923209190369, 0.55441814661026, 0.5617315173149109, 0.56600421667099, 0.5683202147483826, 0.5791701674461365, 0.5791117548942566, 0.5759289264678955, 0.5851251482963562, 0.5735475420951843, 0.5890114903450012, 0.6010481119155884, 0.5924003720283508, 0.6057762503623962, 0.597861647605896, 0.5987550616264343, 0.5964180827140808], "f1-score": [0.6070879101753235, 0.6750909090042114, 0.5618551969528198, 0.6015705466270447, 0.6269819736480713, 0.636010468006134, 0.6517044901847839, 0.657612681388855, 0.6660723686218262, 0.6750906109809875, 0.6818785667419434, 0.6859971880912781, 0.6873872876167297, 0.6969196200370789, 0.6962599754333496, 0.6935356259346008, 0.7012121677398682, 0.6914064288139343, 0.7048988342285156, 0.7149601578712463, 0.7077468633651733, 0.7191638350486755, 0.7121531367301941, 0.7122953534126282, 0.7109400033950806], "val_loss": [0.40133407711982727, 0.29932379722595215, 0.4419044554233551, 0.5393969416618347, 0.38788464665412903, 0.42573827505111694, 0.3453715145587921, 0.365985631942749, 0.35558652877807617, 0.3405963182449341, 0.3521653115749359, 0.3938881754875183, 0.3133331537246704, 0.32337263226509094, 0.2985613942146301, 0.3070054352283478, 0.297354131937027, 0.35565102100372314, 0.28184494376182556, 0.3066630959510803, 0.31109949946403503, 0.2850401699542999, 0.29813969135284424, 0.3085252344608307, 0.3284054696559906], "val_iou_score": [0.4765815734863281, 0.5862534046173096, 0.4319145083427429, 0.3417682945728302, 0.4944363236427307, 0.44418784976005554, 0.5370388031005859, 0.509006679058075, 0.5207767486572266, 0.5383889079093933, 0.5277403593063354, 0.4821205735206604, 0.5699684619903564, 0.5585939884185791, 0.5884473323822021, 0.5753293633460999, 0.5892823934555054, 0.5227794647216797, 0.6056790947914124, 0.5761402249336243, 0.5721540451049805, 0.6056755185127258, 0.5851163864135742, 0.5760656595230103, 0.5533046126365662], "val_f1-score": [0.598666250705719, 0.7006757259368896, 0.5580954551696777, 0.46060293912887573, 0.612115204334259, 0.5742616057395935, 0.6546287536621094, 0.6340137720108032, 0.6444135308265686, 0.6594038009643555, 0.647834837436676, 0.6061119437217712, 0.6866670250892639, 0.6766274571418762, 0.7014382481575012, 0.6929946541786194, 0.7026460766792297, 0.644348680973053, 0.7181550860404968, 0.6933374404907227, 0.688900887966156, 0.7149596810340881, 0.7018604278564453, 0.6914753317832947, 0.6715947389602661], "time": 9074.932793140411}