{"loss": [0.34525254368782043, 0.27500689029693604, 0.25817352533340454, 0.2482696920633316, 0.2390405833721161, 0.23667912185192108, 0.22159765660762787, 0.22058546543121338, 0.21460363268852234, 0.21243993937969208, 0.2130333036184311, 0.21242794394493103, 0.20637823641300201, 0.20433472096920013, 0.20171485841274261, 0.19910652935504913, 0.19947969913482666, 0.19639837741851807, 0.19285418093204498, 0.18760067224502563, 0.18875189125537872, 0.18801167607307434, 0.18644557893276215, 0.18375124037265778, 0.18550322949886322], "iou_score": [0.5270866751670837, 0.6037607192993164, 0.6252855062484741, 0.6360846757888794, 0.6476745009422302, 0.6513164043426514, 0.6696467399597168, 0.6715322136878967, 0.6784471273422241, 0.6823117136955261, 0.680742621421814, 0.6817668676376343, 0.6891329884529114, 0.6921349763870239, 0.6962550282478333, 0.6987555027008057, 0.6986157894134521, 0.7020935416221619, 0.7066024541854858, 0.7126672863960266, 0.7116269469261169, 0.7126604318618774, 0.715135931968689, 0.7175554037094116, 0.7163017392158508], "f1-score": [0.654747486114502, 0.7249934673309326, 0.7418261170387268, 0.7517307996749878, 0.7609596252441406, 0.7633213996887207, 0.7784028053283691, 0.7794138193130493, 0.7853968143463135, 0.7875599265098572, 0.7869666814804077, 0.78757244348526, 0.7936218976974487, 0.7956646680831909, 0.7982847690582275, 0.8008933663368225, 0.8005205392837524, 0.803601861000061, 0.8071457743644714, 0.8123995661735535, 0.8112478852272034, 0.8119886517524719, 0.8135543465614319, 0.8162490129470825, 0.8144969344139099], "val_loss": [0.29306578636169434, 0.2520921230316162, 0.23721350729465485, 0.2644879221916199, 0.2460145205259323, 0.24813972413539886, 0.22937586903572083, 0.2325800508260727, 0.21106596291065216, 0.21170295774936676, 0.2132914662361145, 0.22561274468898773, 0.21166405081748962, 0.2046576589345932, 0.1931573450565338, 0.19810493290424347, 0.2001899629831314, 0.197954460978508, 0.21346014738082886, 0.20261958241462708, 0.20550215244293213, 0.1933155357837677, 0.19361327588558197, 0.19767484068870544, 0.19787687063217163], "val_iou_score": [0.590305507183075, 0.6382594704627991, 0.6551516056060791, 0.6262376308441162, 0.6457256078720093, 0.6375104188919067, 0.6629897952079773, 0.659334123134613, 0.6862279176712036, 0.6879597306251526, 0.6838403344154358, 0.6661274433135986, 0.6868200898170471, 0.6934970617294312, 0.707855224609375, 0.703018069267273, 0.697613537311554, 0.7025846242904663, 0.6850799322128296, 0.6966562867164612, 0.6884862184524536, 0.7107064723968506, 0.7077566981315613, 0.7016890645027161, 0.7048861980438232], "val_f1-score": [0.7069342136383057, 0.7479078769683838, 0.7627867460250854, 0.7355120182037354, 0.7539855241775513, 0.7518603205680847, 0.7706241607666016, 0.7674195766448975, 0.7889341115951538, 0.7882970571517944, 0.7867082953453064, 0.7743871808052063, 0.7883359789848328, 0.7953426241874695, 0.8068426251411438, 0.8018951416015625, 0.7998102903366089, 0.8020457029342651, 0.7865402698516846, 0.7973806262016296, 0.7944983839988708, 0.8066845536231995, 0.8063869476318359, 0.8023253679275513, 0.802122950553894], "time": 5888.306747436523, "params": 10072226}