{"loss": [0.5526899695396423, 0.47953739762306213, 0.44861701130867004, 0.4231102764606476, 0.4082247316837311, 0.39182615280151367, 0.379966676235199, 0.3675459623336792, 0.35853809118270874, 0.353234201669693, 0.34455856680870056, 0.3380483090877533, 0.33561065793037415, 0.32731008529663086, 0.325006902217865, 0.31818628311157227, 0.31933435797691345, 0.30964207649230957, 0.3070971667766571, 0.30697426199913025, 0.3023436665534973, 0.30033618211746216, 0.2939589023590088, 0.29201602935791016, 0.28599783778190613], "iou_score": [0.3145875930786133, 0.37733039259910583, 0.4069157540798187, 0.4329499900341034, 0.44897976517677307, 0.46692728996276855, 0.47963640093803406, 0.493695467710495, 0.504484236240387, 0.5093693137168884, 0.519267737865448, 0.5273544192314148, 0.5300470590591431, 0.5396759510040283, 0.5427883267402649, 0.5505834221839905, 0.5487709045410156, 0.5608554482460022, 0.5633832812309265, 0.5635391473770142, 0.5691118240356445, 0.5721237063407898, 0.579014003276825, 0.5807873606681824, 0.5880436301231384], "f1-score": [0.4473104178905487, 0.5204623341560364, 0.5513834357261658, 0.5768902897834778, 0.5917749404907227, 0.6081741452217102, 0.6200330257415771, 0.632453203201294, 0.6414616107940674, 0.6467656493186951, 0.6554417610168457, 0.6619515419006348, 0.6643890738487244, 0.6726898550987244, 0.6749930381774902, 0.6818135380744934, 0.6806657910346985, 0.6903576254844666, 0.6929033994674683, 0.6930257081985474, 0.6976562738418579, 0.6996634602546692, 0.706041157245636, 0.7079843282699585, 0.714002251625061], "val_loss": [0.6102035045623779, 0.48169830441474915, 0.4524245858192444, 0.4852614104747772, 0.5015301704406738, 0.41106313467025757, 0.38055384159088135, 0.3825127184391022, 0.38845154643058777, 0.37890154123306274, 0.3485865592956543, 0.35094043612480164, 0.3578036427497864, 0.3449612855911255, 0.338827908039093, 0.3214818835258484, 0.3411143720149994, 0.33222395181655884, 0.30302348732948303, 0.3206476867198944, 0.31189581751823425, 0.31173616647720337, 0.2849620580673218, 0.28987547755241394, 0.29188331961631775], "val_iou_score": [0.2730855345726013, 0.3823006749153137, 0.40876659750938416, 0.3734269440174103, 0.3621808588504791, 0.4474653899669647, 0.48073849081993103, 0.4836534559726715, 0.4809287488460541, 0.49003902077674866, 0.51739901304245, 0.5128881335258484, 0.5053246021270752, 0.5227882266044617, 0.526750385761261, 0.5486231446266174, 0.52618408203125, 0.5387153029441833, 0.5724842548370361, 0.5518577098846436, 0.5586531758308411, 0.5593831539154053, 0.5888738036155701, 0.5859791040420532, 0.5856131315231323], "val_f1-score": [0.38979673385620117, 0.5183016657829285, 0.5475754737854004, 0.5147385001182556, 0.49846991896629333, 0.5889365077018738, 0.6194459199905396, 0.6174871921539307, 0.6115484237670898, 0.6210987567901611, 0.6514135599136353, 0.6490597128868103, 0.6421966552734375, 0.6550388932228088, 0.6611719727516174, 0.6785183548927307, 0.6588858962059021, 0.6677760481834412, 0.6969764828681946, 0.6793522834777832, 0.6881041526794434, 0.6882641315460205, 0.715038001537323, 0.7101244926452637, 0.7081164121627808], "time": 7205.297060012817, "params": 23748966}