{"loss": [0.4717596769332886, 0.4009869396686554, 0.37972110509872437, 0.36188068985939026, 0.35807424783706665, 0.3434816300868988, 0.337154746055603, 0.3355897068977356, 0.32358312606811523, 0.31839385628700256, 0.31079232692718506, 0.30649805068969727, 0.29876792430877686, 0.2923990488052368, 0.28884080052375793, 0.2859990894794464, 0.28843361139297485, 0.2777504324913025, 0.27393341064453125, 0.27219751477241516, 0.2705742418766022, 0.27390357851982117, 0.2677227854728699, 0.2619476020336151, 0.26238733530044556], "iou_score": [0.38880354166030884, 0.4587322771549225, 0.4831302762031555, 0.5028401017189026, 0.5069411396980286, 0.5236133933067322, 0.53047114610672, 0.5327484607696533, 0.5473129153251648, 0.5530695915222168, 0.5616260170936584, 0.5668995380401611, 0.5748562812805176, 0.5820812582969666, 0.5867651104927063, 0.5901601314544678, 0.5876766443252563, 0.5994275212287903, 0.6044036149978638, 0.6060415506362915, 0.6079254746437073, 0.605010449886322, 0.6126561164855957, 0.6182340979576111, 0.6188129186630249], "f1-score": [0.5282407999038696, 0.5990124940872192, 0.6202792525291443, 0.6381198763847351, 0.6419256925582886, 0.6565182209014893, 0.6628449559211731, 0.6644101142883301, 0.6764167547225952, 0.6816059350967407, 0.6892074942588806, 0.6935019493103027, 0.7012320160865784, 0.7076013684272766, 0.7111592888832092, 0.7140008807182312, 0.7115662097930908, 0.7222496271133423, 0.7260670065879822, 0.7278022170066833, 0.7294257879257202, 0.726096510887146, 0.7322773337364197, 0.7380527257919312, 0.7376130223274231], "val_loss": [0.42034852504730225, 0.39662134647369385, 0.40682366490364075, 0.34330135583877563, 0.32546359300613403, 0.36170294880867004, 0.3303448557853699, 0.3339613974094391, 0.30869680643081665, 0.3176518976688385, 0.35384291410446167, 0.28722962737083435, 0.37801727652549744, 0.2936412990093231, 0.31156614422798157, 0.2755773067474365, 0.26934778690338135, 0.2712814211845398, 0.276536762714386, 0.2756401300430298, 0.27887189388275146, 0.2767637372016907, 0.25897863507270813, 0.27737677097320557, 0.2924650311470032], "val_iou_score": [0.4402060806751251, 0.4647393524646759, 0.4563651978969574, 0.5270900726318359, 0.5462148785591125, 0.5046952366828918, 0.5420559644699097, 0.538854718208313, 0.5672792196273804, 0.5608728528022766, 0.5212703347206116, 0.5897220969200134, 0.48759132623672485, 0.584382176399231, 0.561792254447937, 0.6052712798118591, 0.6109774708747864, 0.6121460199356079, 0.6019105315208435, 0.6040777564048767, 0.6022359728813171, 0.6058720946311951, 0.6237032413482666, 0.601043164730072, 0.5926600694656372], "val_f1-score": [0.5796511769294739, 0.6033786535263062, 0.593176543712616, 0.6566987633705139, 0.6745362877845764, 0.6382973194122314, 0.6696549654006958, 0.6660385727882385, 0.6913033723831177, 0.6823481321334839, 0.6461568474769592, 0.7127706408500671, 0.6219826936721802, 0.7063591480255127, 0.6884338855743408, 0.7244230508804321, 0.7306522130966187, 0.728718638420105, 0.7234635353088379, 0.724359929561615, 0.7211281061172485, 0.7232362627983093, 0.7410212755203247, 0.7226235270500183, 0.7075346112251282], "time": 6855.089152574539}