{"loss": [0.49629971385002136, 0.4397573471069336, 0.4158264398574829, 0.39771556854248047, 0.396099716424942, 0.38409483432769775, 0.3776649534702301, 0.3696885406970978, 0.36724916100502014, 0.36599305272102356, 0.35514596104621887, 0.34770122170448303, 0.34453994035720825, 0.339282363653183, 0.3352956771850586, 0.32922816276550293, 0.32024917006492615, 0.31733980774879456, 0.30778589844703674, 0.3094494640827179, 0.3057638704776764, 0.3035632073879242, 0.29928264021873474, 0.29761168360710144, 0.2926194667816162], "iou_score": [0.36556223034858704, 0.41884106397628784, 0.44417187571525574, 0.46336284279823303, 0.46492668986320496, 0.4792345464229584, 0.48567625880241394, 0.4948543608188629, 0.49805793166160583, 0.4988093674182892, 0.5112664699554443, 0.5195286273956299, 0.5230245590209961, 0.5278046131134033, 0.5323334336280823, 0.5385202169418335, 0.5491839647293091, 0.5523083806037903, 0.5629444718360901, 0.5611974596977234, 0.5658935308456421, 0.5694635510444641, 0.5746456980705261, 0.575830340385437, 0.5822985172271729], "f1-score": [0.5037003755569458, 0.5602424144744873, 0.5841736793518066, 0.6022844314575195, 0.6039004921913147, 0.6159055233001709, 0.6223352551460266, 0.6303111910820007, 0.632750928401947, 0.6340067386627197, 0.6448543667793274, 0.6522988080978394, 0.6554600596427917, 0.6607180237770081, 0.6647043824195862, 0.670771598815918, 0.6797510385513306, 0.6826608777046204, 0.6922141313552856, 0.6905505061149597, 0.6942356824874878, 0.6964365243911743, 0.7007171511650085, 0.7023887634277344, 0.707380473613739], "val_loss": [0.47979921102523804, 0.4649263322353363, 0.408089280128479, 0.44496893882751465, 0.38505974411964417, 0.4904056787490845, 0.3930223286151886, 0.49855944514274597, 0.36238452792167664, 0.36981919407844543, 0.4111185669898987, 0.34609827399253845, 0.39513862133026123, 0.3383316993713379, 0.34677931666374207, 0.32978251576423645, 0.32464489340782166, 0.3152562975883484, 0.344397634267807, 0.31645241379737854, 0.3147449791431427, 0.35854384303092957, 0.28398850560188293, 0.3125113248825073, 0.3089454472064972], "val_iou_score": [0.38573554158210754, 0.4062873125076294, 0.4569399058818817, 0.42123377323150635, 0.4819064736366272, 0.3817310333251953, 0.4739546775817871, 0.3700627386569977, 0.5044233202934265, 0.4973827004432678, 0.46472254395484924, 0.5244653820991516, 0.4793701171875, 0.5321460366249084, 0.5276433229446411, 0.5402894020080566, 0.5462562441825867, 0.5571770668029785, 0.5260661244392395, 0.5565797090530396, 0.5608370900154114, 0.5120095610618591, 0.5951158404350281, 0.5632676482200623, 0.5690126419067383], "val_f1-score": [0.520200788974762, 0.5350733995437622, 0.5919107794761658, 0.5550313591957092, 0.6149401068687439, 0.5095946192741394, 0.6069778203964233, 0.5014405846595764, 0.637615442276001, 0.630180835723877, 0.5888811945915222, 0.6539015769958496, 0.6048613786697388, 0.6616682410240173, 0.6532206535339355, 0.6702174544334412, 0.6753550171852112, 0.6847438216209412, 0.6556021571159363, 0.6835476160049438, 0.6852552890777588, 0.641456127166748, 0.7160114049911499, 0.687488853931427, 0.6910543441772461], "time": 5099.057670593262, "params": 14331369}