{"loss": [0.4051571190357208, 0.33975842595100403, 0.3169947862625122, 0.3055119812488556, 0.2969458997249603, 0.27677056193351746, 0.2692810893058777, 0.266276478767395, 0.26547783613204956, 0.2553967237472534, 0.2568960189819336, 0.24673880636692047, 0.24386799335479736, 0.2409067153930664, 0.2417292296886444, 0.23926351964473724, 0.23197774589061737, 0.22718824446201324, 0.23370273411273956, 0.2256963551044464, 0.22237354516983032, 0.22501565515995026, 0.2179051637649536, 0.21880701184272766, 0.21808314323425293], "iou_score": [0.46009108424186707, 0.5281404256820679, 0.5554215908050537, 0.5678700804710388, 0.5773559212684631, 0.6018465161323547, 0.6102589964866638, 0.6138522624969482, 0.6156390905380249, 0.6272872090339661, 0.6256421208381653, 0.6391255259513855, 0.6424102783203125, 0.6458883881568909, 0.6443820595741272, 0.6479872465133667, 0.6571665406227112, 0.6629213094711304, 0.6540435552597046, 0.6634701490402222, 0.668505072593689, 0.6664689183235168, 0.6752775311470032, 0.6726837158203125, 0.6741923093795776], "f1-score": [0.5948426723480225, 0.6602411866188049, 0.6830048561096191, 0.6944878697395325, 0.7030540108680725, 0.7232294678688049, 0.7307190299034119, 0.7337235808372498, 0.7345221042633057, 0.744603157043457, 0.7431039214134216, 0.7532610297203064, 0.7561320066452026, 0.7590928673744202, 0.7582705616950989, 0.7607362270355225, 0.7680221199989319, 0.772811770439148, 0.7662973403930664, 0.7743034362792969, 0.7776260375976562, 0.774983823299408, 0.7820947766304016, 0.78119295835495, 0.7819165587425232], "val_loss": [0.416157990694046, 0.3552876114845276, 0.3252146542072296, 0.28760427236557007, 0.3229599893093109, 0.2704254686832428, 0.2722219228744507, 0.25810906291007996, 0.24702931940555573, 0.3528871238231659, 0.30915698409080505, 0.26129797101020813, 0.25184786319732666, 0.27274999022483826, 0.2447635680437088, 0.2516336739063263, 0.2624768316745758, 0.23492388427257538, 0.26005277037620544, 0.23794284462928772, 0.23834848403930664, 0.23294194042682648, 0.22851666808128357, 0.23032334446907043, 0.27083101868629456], "val_iou_score": [0.4497513175010681, 0.5140559673309326, 0.5508130788803101, 0.5941303372383118, 0.5541751384735107, 0.612994909286499, 0.6119162440299988, 0.6278106570243835, 0.6430312395095825, 0.5164874196052551, 0.5641965270042419, 0.6235037446022034, 0.6336696743965149, 0.6109474301338196, 0.6422123312950134, 0.6337388157844543, 0.6192337870597839, 0.6557086706161499, 0.625458300113678, 0.6550303101539612, 0.651289165019989, 0.6573440432548523, 0.6622847318649292, 0.6613954901695251, 0.6157909631729126], "val_f1-score": [0.5838419795036316, 0.6447123885154724, 0.6747856140136719, 0.7123959064483643, 0.6770404577255249, 0.72957444190979, 0.7277782559394836, 0.741891086101532, 0.7529705166816711, 0.6471130847930908, 0.6908432245254517, 0.7387019991874695, 0.7481521368026733, 0.7272501587867737, 0.7552364468574524, 0.7483659386634827, 0.7375229597091675, 0.7650761604309082, 0.7399473786354065, 0.7620570063591003, 0.7616513967514038, 0.7670579552650452, 0.7714831829071045, 0.7696771621704102, 0.7291690111160278], "time": 5111.040810346603, "params": 14331369}