{"loss": [0.43208226561546326, 0.35755762457847595, 0.33588477969169617, 0.31876638531684875, 0.3165748119354248, 0.3024398982524872, 0.28416210412979126, 0.27800416946411133, 0.2697508931159973, 0.2726036310195923, 0.26043957471847534, 0.26194798946380615, 0.2576526403427124, 0.2590574622154236, 0.2558548152446747, 0.24780727922916412, 0.25113946199417114, 0.24170561134815216, 0.238878533244133, 0.2410779595375061, 0.24222368001937866, 0.2356301099061966, 0.23002928495407104, 0.22911198437213898, 0.2298005372285843], "iou_score": [0.43104368448257446, 0.5077171325683594, 0.5335791110992432, 0.5528209805488586, 0.5547401309013367, 0.5703326463699341, 0.5906108021736145, 0.599372148513794, 0.6088975071907043, 0.6050742864608765, 0.6195807456970215, 0.6192269921302795, 0.6239356994628906, 0.6222030520439148, 0.6264938712120056, 0.6362837553024292, 0.6327283382415771, 0.6433013081550598, 0.6472780704498291, 0.6444168090820312, 0.6424744725227356, 0.6521880030632019, 0.6590114235877991, 0.65887451171875, 0.659349262714386], "f1-score": [0.5679181218147278, 0.6424419283866882, 0.6641150116920471, 0.6812338829040527, 0.6834251284599304, 0.6975598931312561, 0.7158384323120117, 0.7219955325126648, 0.7302488088607788, 0.7273966670036316, 0.7395601868629456, 0.7380523681640625, 0.7423473000526428, 0.7409424185752869, 0.7441451549530029, 0.7521924376487732, 0.7488604784011841, 0.7582942247390747, 0.7611215710639954, 0.7589224576950073, 0.7577763795852661, 0.7643691897392273, 0.769970178604126, 0.770888090133667, 0.7701994776725769], "val_loss": [0.4433854818344116, 0.3481895327568054, 0.37252509593963623, 0.37394770979881287, 0.42715391516685486, 0.3179585039615631, 0.3288840651512146, 0.3730919659137726, 0.2750655710697174, 0.2922929525375366, 0.2817738652229309, 0.30134445428848267, 0.2743843197822571, 0.3210153579711914, 0.2661263048648834, 0.2747269570827484, 0.3798891603946686, 0.2860085964202881, 0.26077187061309814, 0.3156847357749939, 0.24547722935676575, 0.2388511449098587, 0.3054374158382416, 0.340642511844635, 0.25881826877593994], "val_iou_score": [0.4224027991294861, 0.5217499732971191, 0.49657005071640015, 0.49480172991752625, 0.4351891279220581, 0.5565965175628662, 0.5434373021125793, 0.4893428683280945, 0.6027868986129761, 0.584677517414093, 0.5956462621688843, 0.5702695846557617, 0.6067519783973694, 0.5461270213127136, 0.6150384545326233, 0.6064825654029846, 0.4854505658149719, 0.590009868144989, 0.6249279379844666, 0.553369402885437, 0.6452316045761108, 0.6499171257019043, 0.5643900036811829, 0.5302629470825195, 0.6286566257476807], "val_f1-score": [0.5566146969795227, 0.6518104076385498, 0.6274749636650085, 0.6260520815849304, 0.5728461146354675, 0.682041347026825, 0.6711159944534302, 0.6269083023071289, 0.7249343991279602, 0.7077069282531738, 0.7182260751724243, 0.6986554265022278, 0.7256157398223877, 0.6789845824241638, 0.7338735461235046, 0.7252728343009949, 0.6201109886169434, 0.7139914631843567, 0.7392282485961914, 0.6843152642250061, 0.7545229196548462, 0.7611488699913025, 0.6945624947547913, 0.6593571305274963, 0.7411814332008362], "time": 6339.401370048523, "params": 32514281}