{"loss": [0.3468042016029358, 0.273639440536499, 0.2545410394668579, 0.2471943348646164, 0.23248614370822906, 0.23261627554893494, 0.22617128491401672, 0.21590478718280792, 0.21814016997814178, 0.215011328458786, 0.21096503734588623, 0.20768146216869354, 0.20296621322631836, 0.20804432034492493, 0.205844908952713, 0.19998252391815186, 0.19762904942035675, 0.19240030646324158, 0.19844284653663635, 0.19664695858955383, 0.1921522170305252, 0.1920105516910553, 0.19093871116638184, 0.18392358720302582, 0.1851407140493393], "iou_score": [0.5240949392318726, 0.604735791683197, 0.6285967230796814, 0.6371464133262634, 0.6562172174453735, 0.6557130813598633, 0.6636409759521484, 0.6768654584884644, 0.6748620867729187, 0.6777263879776001, 0.6834183931350708, 0.6880351901054382, 0.6936423778533936, 0.6874716281890869, 0.6906164884567261, 0.6966003775596619, 0.6999639272689819, 0.7063139081001282, 0.6991327404975891, 0.7015264630317688, 0.7067829370498657, 0.708167552947998, 0.7086825966835022, 0.716701328754425, 0.71631920337677], "f1-score": [0.6531957387924194, 0.7263606786727905, 0.7454595565795898, 0.7528055310249329, 0.7675140500068665, 0.7673842906951904, 0.77382892370224, 0.7840949296951294, 0.781859278678894, 0.7849887013435364, 0.7890351414680481, 0.79231858253479, 0.7970336675643921, 0.7919561862945557, 0.7941551208496094, 0.8000177145004272, 0.8023712038993835, 0.8076000809669495, 0.8015565276145935, 0.8033530116081238, 0.8078476786613464, 0.807989239692688, 0.8090611696243286, 0.8160766363143921, 0.8148593306541443], "val_loss": [0.3088138699531555, 0.25031450390815735, 0.26431119441986084, 0.24001817405223846, 0.2335682213306427, 0.23482446372509003, 0.2195388823747635, 0.2179703265428543, 0.20708678662776947, 0.22013528645038605, 0.22173580527305603, 0.2115163654088974, 0.23347072303295135, 0.20104052126407623, 0.24168021976947784, 0.20856651663780212, 0.1986352801322937, 0.1996731013059616, 0.2068076729774475, 0.21193258464336395, 0.19723394513130188, 0.1976972371339798, 0.19699184596538544, 0.19612927734851837, 0.2035694718360901], "val_iou_score": [0.5741777420043945, 0.6354432702064514, 0.6180142760276794, 0.6531023383140564, 0.6565179824829102, 0.6549789309501648, 0.6751652359962463, 0.6790025234222412, 0.690739631652832, 0.6737011075019836, 0.6741501092910767, 0.6868898272514343, 0.6570977568626404, 0.7006313800811768, 0.642845094203949, 0.6890190243721008, 0.7010326385498047, 0.7004570364952087, 0.6918265223503113, 0.6837192177772522, 0.7042064666748047, 0.7055074572563171, 0.7021880149841309, 0.7037202715873718, 0.6973969340324402], "val_f1-score": [0.6911859512329102, 0.7496854662895203, 0.7356889247894287, 0.7599819302558899, 0.7664319276809692, 0.7651752829551697, 0.7804610729217529, 0.7820298671722412, 0.7929129600524902, 0.7798646092414856, 0.778264045715332, 0.7884835600852966, 0.7665294408798218, 0.7989594340324402, 0.7583198547363281, 0.7914332747459412, 0.8013644218444824, 0.8003268837928772, 0.7931925058364868, 0.7880676984786987, 0.8027660846710205, 0.802302896976471, 0.8030081391334534, 0.8038710355758667, 0.7964305281639099], "time": 6866.908856391907, "params": 12577862}