{"loss": [0.5443837642669678, 0.4730186462402344, 0.4489481747150421, 0.42354053258895874, 0.4092444181442261, 0.3915371298789978, 0.37984946370124817, 0.3706497251987457, 0.3633923828601837, 0.35828158259391785, 0.34795376658439636, 0.3435606062412262, 0.3379368484020233, 0.3306310772895813, 0.32865527272224426, 0.3227171003818512, 0.31819653511047363, 0.31159061193466187, 0.3057706654071808, 0.30359598994255066, 0.29974761605262756, 0.30033668875694275, 0.29455700516700745, 0.2898252606391907, 0.2888850271701813], "iou_score": [0.3205346465110779, 0.3834902048110962, 0.4064984917640686, 0.4328475892543793, 0.4475284218788147, 0.4662788510322571, 0.47805166244506836, 0.48818230628967285, 0.49665406346321106, 0.5019892454147339, 0.5132462382316589, 0.5188000202178955, 0.525072455406189, 0.5332738757133484, 0.5362430214881897, 0.5429054498672485, 0.5477223992347717, 0.5561543107032776, 0.5625627636909485, 0.5651306509971619, 0.5700259208679199, 0.5701615214347839, 0.5767422914505005, 0.581824004650116, 0.5836781859397888], "f1-score": [0.4556165337562561, 0.5269812345504761, 0.5510517358779907, 0.5764589905738831, 0.5907556414604187, 0.6084626913070679, 0.6201506853103638, 0.6293505430221558, 0.6366079449653625, 0.6417181491851807, 0.6520460247993469, 0.6564393043518066, 0.6620631217956543, 0.6693688631057739, 0.6713449954986572, 0.6772830486297607, 0.6818037629127502, 0.6884093880653381, 0.6942294239997864, 0.6964035630226135, 0.70025235414505, 0.6996629238128662, 0.705442488193512, 0.7101747393608093, 0.7111148834228516], "val_loss": [0.48746469616889954, 0.5140237808227539, 0.5847444534301758, 0.5276502966880798, 0.43552762269973755, 0.4003616273403168, 0.37465041875839233, 0.3849096894264221, 0.4384130835533142, 0.4163450002670288, 0.3517579138278961, 0.3395332098007202, 0.37407204508781433, 0.3762516379356384, 0.3283926546573639, 0.33190852403640747, 0.303437739610672, 0.3159775137901306, 0.31088748574256897, 0.3045041859149933, 0.31688031554222107, 0.3242186903953552, 0.3084062337875366, 0.29335346817970276, 0.32554569840431213], "val_iou_score": [0.3724207580089569, 0.3595031797885895, 0.3029932975769043, 0.344350665807724, 0.421923965215683, 0.4571368992328644, 0.48725342750549316, 0.47319304943084717, 0.4369190037250519, 0.451278418302536, 0.5093920230865479, 0.525793731212616, 0.4845414161682129, 0.48978421092033386, 0.5383032560348511, 0.5353549122810364, 0.5668286085128784, 0.5520699620246887, 0.5576452612876892, 0.5667302012443542, 0.5531553030014038, 0.5435001254081726, 0.561454713344574, 0.5808767676353455, 0.5459578633308411], "val_f1-score": [0.5125349760055542, 0.4859761893749237, 0.41525551676750183, 0.4723498225212097, 0.5644725561141968, 0.5996382832527161, 0.6253492832183838, 0.6150904893875122, 0.5615870356559753, 0.5836549997329712, 0.6482418179512024, 0.6604670882225037, 0.6259283423423767, 0.6237484812736511, 0.671607255935669, 0.6680915355682373, 0.6965621709823608, 0.6840225458145142, 0.6891123652458191, 0.695496141910553, 0.6831196546554565, 0.6757811307907104, 0.6915938854217529, 0.7066468000411987, 0.6744542121887207], "time": 7987.894826173782, "params": 29058662}