{"loss": [0.5212441086769104, 0.4617461860179901, 0.4397182762622833, 0.4235013425350189, 0.41331106424331665, 0.3980359137058258, 0.3894082307815552, 0.3857539892196655, 0.37497976422309875, 0.3687710464000702, 0.3702617585659027, 0.3596246540546417, 0.35824188590049744, 0.34412938356399536, 0.34371301531791687, 0.34149959683418274, 0.33507606387138367, 0.3337056636810303, 0.3260905146598816, 0.3248197138309479, 0.32385528087615967, 0.3182682991027832, 0.31551268696784973, 0.3121299147605896, 0.3099710941314697], "iou_score": [0.34787383675575256, 0.40469497442245483, 0.427452951669693, 0.4448855519294739, 0.4557352364063263, 0.4735555052757263, 0.4827980697154999, 0.48744067549705505, 0.4986248016357422, 0.5048799514770508, 0.5035560727119446, 0.5152149796485901, 0.516197144985199, 0.5315602421760559, 0.5327864289283752, 0.5350339412689209, 0.5424318909645081, 0.5442010760307312, 0.5533628463745117, 0.5541459321975708, 0.5555483102798462, 0.5620076060295105, 0.5658438801765442, 0.5692912936210632, 0.5719073414802551], "f1-score": [0.4787556231021881, 0.5381467342376709, 0.560123085975647, 0.5763047933578491, 0.5866857767105103, 0.6018905639648438, 0.6105941534042358, 0.6141196489334106, 0.6250350475311279, 0.6310880184173584, 0.6295655369758606, 0.6402583122253418, 0.6415922045707703, 0.6556031703948975, 0.6561824083328247, 0.6583671569824219, 0.664677083492279, 0.6659805774688721, 0.6737827658653259, 0.6750687956809998, 0.6759239435195923, 0.6815609335899353, 0.6842910647392273, 0.6877581477165222, 0.6899563670158386], "val_loss": [0.5580847859382629, 0.4427761137485504, 0.48316651582717896, 0.4064393639564514, 0.40756142139434814, 0.4071856141090393, 0.3752412796020508, 0.3567911684513092, 0.37395527958869934, 0.37360379099845886, 0.36103859543800354, 0.3646221160888672, 0.33686745166778564, 0.32666853070259094, 0.32423222064971924, 0.3487028479576111, 0.3283267617225647, 0.3654094636440277, 0.33850279450416565, 0.3186456859111786, 0.3413717746734619, 0.3268480598926544, 0.32248654961586, 0.3372292220592499, 0.3243425488471985], "val_iou_score": [0.32320356369018555, 0.42809417843818665, 0.39189857244491577, 0.4688001573085785, 0.46630823612213135, 0.4664672911167145, 0.5013177990913391, 0.5228263139724731, 0.5048692226409912, 0.5042160153388977, 0.516106367111206, 0.5186939835548401, 0.5428748726844788, 0.554321825504303, 0.5595569610595703, 0.5300673842430115, 0.5544945597648621, 0.5175424814224243, 0.543520987033844, 0.564581573009491, 0.5401157736778259, 0.5546358823776245, 0.5587106943130493, 0.5470952987670898, 0.5574461221694946], "val_f1-score": [0.4419150948524475, 0.5572240948677063, 0.516833484172821, 0.5935607552528381, 0.5924386382102966, 0.5928142070770264, 0.6247588396072388, 0.6432086229324341, 0.626044750213623, 0.6263964772224426, 0.638961672782898, 0.6353775858879089, 0.6631324291229248, 0.673331618309021, 0.6757676601409912, 0.6512971520423889, 0.6716733574867249, 0.6345909237861633, 0.6614968180656433, 0.6813539862632751, 0.6586288213729858, 0.6731520295143127, 0.6775139570236206, 0.6627712249755859, 0.6756577491760254], "time": 9331.228055000305, "params": 51506409}