{"loss": [0.4768586754798889, 0.4213923215866089, 0.4002991020679474, 0.3823736608028412, 0.3770582377910614, 0.3679176867008209, 0.3552728295326233, 0.3528243899345398, 0.34632933139801025, 0.33369818329811096, 0.3268432319164276, 0.31733793020248413, 0.31399863958358765, 0.30964139103889465, 0.308000773191452, 0.30287763476371765, 0.2971442639827728, 0.29730913043022156, 0.2884668707847595, 0.2907518744468689, 0.2885798513889313, 0.2873218357563019, 0.2801682651042938, 0.2792041599750519, 0.2741987705230713], "iou_score": [0.3839312195777893, 0.43746739625930786, 0.4605973958969116, 0.4805532395839691, 0.4864271581172943, 0.49695754051208496, 0.5108872056007385, 0.5133289694786072, 0.5195907354354858, 0.533212423324585, 0.5407646298408508, 0.5527230501174927, 0.5565419793128967, 0.5609369874000549, 0.5641326308250427, 0.5695446729660034, 0.5765520334243774, 0.5760244131088257, 0.5863640308380127, 0.583036482334137, 0.58607417345047, 0.5880445241928101, 0.597183346748352, 0.5973263382911682, 0.6042822599411011], "f1-score": [0.5231417417526245, 0.5786082148551941, 0.5997009873390198, 0.6176266670227051, 0.6229417324066162, 0.6320823431015015, 0.6447275280952454, 0.6471752524375916, 0.6536707878112793, 0.6663013696670532, 0.6731569170951843, 0.6826621294021606, 0.6860018968582153, 0.6903586387634277, 0.6919987797737122, 0.6971221566200256, 0.7028557062149048, 0.7026904821395874, 0.7115330100059509, 0.7092479467391968, 0.711420476436615, 0.7126787304878235, 0.7198320031166077, 0.7207953333854675, 0.7258011102676392], "val_loss": [0.443194717168808, 0.5080620646476746, 0.47122421860694885, 0.39338162541389465, 0.3983535170555115, 0.3874434232711792, 0.36037787795066833, 0.42243069410324097, 0.3435891568660736, 0.33545204997062683, 0.3205646276473999, 0.3129381239414215, 0.33446183800697327, 0.3233804702758789, 0.31969889998435974, 0.3171675205230713, 0.304548054933548, 0.30754444003105164, 0.294780969619751, 0.28658053278923035, 0.27417489886283875, 0.27755388617515564, 0.27737781405448914, 0.26761409640312195, 0.3188326954841614], "val_iou_score": [0.41896262764930725, 0.37042298913002014, 0.3948511779308319, 0.4742093086242676, 0.46832865476608276, 0.4833972752094269, 0.5080097913742065, 0.449924111366272, 0.5261459946632385, 0.5351395606994629, 0.5509237051010132, 0.561791718006134, 0.5371808409690857, 0.5485882759094238, 0.5505385398864746, 0.5532940626144409, 0.5688096284866333, 0.5682440400123596, 0.5801489353179932, 0.5899707674980164, 0.6066630482673645, 0.6026043891906738, 0.6006914973258972, 0.6145104169845581, 0.5588878989219666], "val_f1-score": [0.5568052530288696, 0.491938054561615, 0.5287759900093079, 0.6066185832023621, 0.6016464829444885, 0.6125568151473999, 0.6396217346191406, 0.5775693655014038, 0.6564108729362488, 0.6645480394363403, 0.6794354319572449, 0.6870619058609009, 0.6655381321907043, 0.6766200065612793, 0.6803012490272522, 0.6828324794769287, 0.6954516172409058, 0.6924558281898499, 0.7052190899848938, 0.713419497013092, 0.7258250713348389, 0.7224459648132324, 0.7226220965385437, 0.7323858141899109, 0.6811672449111938], "time": 6305.507830381393, "params": 32514281}