{"loss": [0.41785821318626404, 0.3450987935066223, 0.3271789252758026, 0.3094915449619293, 0.30550238490104675, 0.29838377237319946, 0.2904298007488251, 0.2781931161880493, 0.2710190415382385, 0.26962777972221375, 0.25298428535461426, 0.2497919797897339, 0.24515725672245026, 0.2470381259918213, 0.24000170826911926, 0.23733313381671906, 0.24139487743377686, 0.2315286099910736, 0.23018676042556763, 0.2340967059135437, 0.23460012674331665, 0.23422226309776306, 0.22344662249088287, 0.2189299315214157, 0.22693771123886108], "iou_score": [0.4469675123691559, 0.521673321723938, 0.5435470342636108, 0.5639285445213318, 0.5689122080802917, 0.5777464509010315, 0.5868566036224365, 0.6009088158607483, 0.6083665490150452, 0.6096551418304443, 0.6302671432495117, 0.6350781917572021, 0.6409119963645935, 0.6380888819694519, 0.6473860740661621, 0.6504458785057068, 0.6454524397850037, 0.6572110056877136, 0.6588892936706543, 0.6539693474769592, 0.653236985206604, 0.6546109318733215, 0.6687474846839905, 0.67217618227005, 0.6634525060653687], "f1-score": [0.5821418166160583, 0.6549016833305359, 0.6728206872940063, 0.6905084848403931, 0.6944972276687622, 0.7016161680221558, 0.7095698714256287, 0.7218073010444641, 0.7289814352989197, 0.7303723692893982, 0.7470152378082275, 0.7502080202102661, 0.7548424601554871, 0.7529619336128235, 0.7599981427192688, 0.7626673579216003, 0.7586051821708679, 0.7684713006019592, 0.7698134779930115, 0.7659032940864563, 0.7653999924659729, 0.7657778263092041, 0.7765533328056335, 0.7810701131820679, 0.7730621099472046], "val_loss": [0.383017897605896, 0.35471299290657043, 0.3205071687698364, 0.357684463262558, 0.3131333887577057, 0.41126585006713867, 0.4357193410396576, 0.29007044434547424, 0.2558729350566864, 0.3182375431060791, 0.28569674491882324, 0.2665480375289917, 0.27723366022109985, 0.2543892562389374, 0.27496832609176636, 0.24479295313358307, 0.2556568384170532, 0.27386319637298584, 0.2400394082069397, 0.2521895468235016, 0.23661774396896362, 0.242821604013443, 0.22537434101104736, 0.25059178471565247, 0.24282965064048767], "val_iou_score": [0.48221105337142944, 0.5145092010498047, 0.5533565282821655, 0.5066709518432617, 0.5677237510681152, 0.44899702072143555, 0.4284210205078125, 0.5922690033912659, 0.6303454637527466, 0.5578972101211548, 0.5900200605392456, 0.6193822622299194, 0.6059004068374634, 0.6282916069030762, 0.6055931448936462, 0.6441153883934021, 0.6301367282867432, 0.611121654510498, 0.6492890119552612, 0.6339402794837952, 0.6534270644187927, 0.6473197340965271, 0.6658697724342346, 0.6362546682357788, 0.6499478220939636], "val_f1-score": [0.6169821619987488, 0.6452869772911072, 0.6794931888580322, 0.6423156261444092, 0.686866044998169, 0.5887340307235718, 0.5642807483673096, 0.7099299430847168, 0.7441267371177673, 0.6817623376846313, 0.7143031358718872, 0.7334518432617188, 0.7227665185928345, 0.7456108927726746, 0.7250317335128784, 0.7552070617675781, 0.7443432807922363, 0.7261368036270142, 0.7599607706069946, 0.7478106021881104, 0.7633822560310364, 0.7571782469749451, 0.7746255993843079, 0.7494081258773804, 0.7571704387664795], "time": 5122.960611581802}