{"loss": [0.4938686788082123, 0.4170251190662384, 0.3862331807613373, 0.36491039395332336, 0.3566788136959076, 0.347452849149704, 0.3384228050708771, 0.32953760027885437, 0.3263667821884155, 0.31336289644241333, 0.3060472905635834, 0.30059221386909485, 0.28784188628196716, 0.2931230068206787, 0.2839561402797699, 0.27954354882240295, 0.2750967741012573, 0.26913219690322876, 0.26315611600875854, 0.26229584217071533, 0.26212212443351746, 0.2619985044002533, 0.2558140158653259, 0.25172626972198486, 0.25471118092536926], "iou_score": [0.3653849959373474, 0.4394676089286804, 0.4726584255695343, 0.49617311358451843, 0.5059570670127869, 0.5169150829315186, 0.5269432663917542, 0.5370818376541138, 0.5404072403907776, 0.5550571084022522, 0.5631397366523743, 0.570511519908905, 0.5861054062843323, 0.5794478058815002, 0.5908832550048828, 0.5960516333580017, 0.6009145975112915, 0.6086137890815735, 0.6157379746437073, 0.6163007616996765, 0.6172543168067932, 0.6176964640617371, 0.6251507997512817, 0.6297469139099121, 0.6259362101554871], "f1-score": [0.5061309933662415, 0.5829745531082153, 0.6137667894363403, 0.6350899934768677, 0.6433209776878357, 0.6525475978851318, 0.6615767478942871, 0.6704626679420471, 0.6736336946487427, 0.6866369247436523, 0.6939526200294495, 0.6994079947471619, 0.7121580839157104, 0.7068772912025452, 0.7160438895225525, 0.7204567790031433, 0.7249031662940979, 0.7308680415153503, 0.7368438243865967, 0.737704336643219, 0.7378778457641602, 0.7380014061927795, 0.7441864013671875, 0.7482737302780151, 0.7452888488769531], "val_loss": [0.5703353881835938, 0.5334426760673523, 0.3776562213897705, 0.38127225637435913, 0.38791388273239136, 0.36114704608917236, 0.33040639758110046, 0.412942498922348, 0.3687921166419983, 0.3473798632621765, 0.30714941024780273, 0.3126395046710968, 0.29154857993125916, 0.2941334843635559, 0.2889147996902466, 0.3077317774295807, 0.2935299277305603, 0.2965717911720276, 0.28313562273979187, 0.2648743689060211, 0.27750617265701294, 0.26285967230796814, 0.25619903206825256, 0.255982905626297, 0.26391854882240295], "val_iou_score": [0.3005760908126831, 0.3430469334125519, 0.4847036898136139, 0.4810803532600403, 0.47690755128860474, 0.5027475357055664, 0.5396790504455566, 0.4563644528388977, 0.5013845562934875, 0.5221223831176758, 0.5633096098899841, 0.5597739219665527, 0.5838875770568848, 0.5808878540992737, 0.5877562761306763, 0.5672336220741272, 0.5816665887832642, 0.5786739587783813, 0.5928569436073303, 0.615946352481842, 0.6012818813323975, 0.6188807487487793, 0.6265847682952881, 0.628448486328125, 0.6199703216552734], "val_f1-score": [0.4296645224094391, 0.4665575921535492, 0.6223434805870056, 0.6187277436256409, 0.6120860576629639, 0.6388524770736694, 0.6695936918258667, 0.58705735206604, 0.6312080025672913, 0.6526200175285339, 0.6928508877754211, 0.6873608827590942, 0.7084513902664185, 0.7058667540550232, 0.7110847234725952, 0.6922681331634521, 0.7064704298973083, 0.7034282684326172, 0.716864287853241, 0.7351254820823669, 0.7224938869476318, 0.7371402382850647, 0.7438010573387146, 0.7440170645713806, 0.7360814809799194],  "time": 7676.542299985886, "params": 23748966}