{"loss": [0.49365103244781494, 0.41151854395866394, 0.38482964038848877, 0.359226793050766, 0.3499991297721863, 0.33725759387016296, 0.328534334897995, 0.31914857029914856, 0.30708396434783936, 0.3027360439300537, 0.2939996123313904, 0.29327112436294556, 0.2850232720375061, 0.28087177872657776, 0.28335052728652954, 0.2732534408569336, 0.272067666053772, 0.2701107859611511, 0.2615618407726288, 0.2609036862850189, 0.2591440975666046, 0.25998255610466003, 0.2608552873134613, 0.2529592514038086, 0.25265973806381226], "iou_score": [0.3653896749019623, 0.4462083876132965, 0.47543391585350037, 0.5034247636795044, 0.5147325992584229, 0.5301666259765625, 0.5391599535942078, 0.5492229461669922, 0.563213586807251, 0.5673990249633789, 0.5775274634361267, 0.5795047879219055, 0.5891730189323425, 0.5943673253059387, 0.5919331908226013, 0.6034733653068542, 0.6056756973266602, 0.607514500617981, 0.6182219386100769, 0.6182637214660645, 0.6214091777801514, 0.6205180883407593, 0.6199402213096619, 0.6289120316505432, 0.6297730803489685], "f1-score": [0.5063490867614746, 0.5884812474250793, 0.6151701807975769, 0.6407734155654907, 0.6500009894371033, 0.6627427339553833, 0.6714656352996826, 0.6808515787124634, 0.6929161548614502, 0.6972641944885254, 0.706000030040741, 0.7067287564277649, 0.7149760723114014, 0.7191283702850342, 0.7166492342948914, 0.7267464995384216, 0.7279322147369385, 0.7298895120620728, 0.738438069820404, 0.7390967011451721, 0.7408557534217834, 0.7400177121162415, 0.7391448020935059, 0.7470413446426392, 0.74733966588974], "val_loss": [0.43242642283439636, 0.38837188482284546, 0.3745557963848114, 0.35152068734169006, 0.34983909130096436, 0.366306871175766, 0.34135007858276367, 0.3887234628200531, 0.28876200318336487, 0.3657732903957367, 0.3295435905456543, 0.29303449392318726, 0.28585219383239746, 0.27890896797180176, 0.28076231479644775, 0.2965008318424225, 0.27064457535743713, 0.27280688285827637, 0.2811460494995117, 0.2559814751148224, 0.2593575417995453, 0.25574004650115967, 0.25607359409332275, 0.2608751952648163, 0.2710525393486023], "val_iou_score": [0.4275442361831665, 0.47521519660949707, 0.49037399888038635, 0.5145029425621033, 0.5202198028564453, 0.5049902200698853, 0.5249378681182861, 0.4785325229167938, 0.5867709517478943, 0.49747228622436523, 0.5400980710983276, 0.585191011428833, 0.5886763334274292, 0.6035325527191162, 0.5973395109176636, 0.5778341293334961, 0.6094759702682495, 0.6072241067886353, 0.5999416708946228, 0.6278812289237976, 0.6241425275802612, 0.6294147968292236, 0.6305681467056274, 0.6241564750671387, 0.6138585209846497], "val_f1-score": [0.5675733685493469, 0.6116281747817993, 0.6254440546035767, 0.6484789252281189, 0.6501611471176147, 0.633693516254425, 0.6586498022079468, 0.6112766265869141, 0.7112382650375366, 0.6342265605926514, 0.6704561114311218, 0.706965446472168, 0.7141476273536682, 0.7210912108421326, 0.7192378044128418, 0.7034993171691895, 0.7293552160263062, 0.7271931171417236, 0.7188538908958435, 0.7440189123153687, 0.7406423091888428, 0.7442600131034851, 0.7439265251159668, 0.739124596118927, 0.7289476990699768], "time": 6877.686331987381}