{"loss": [0.3873288631439209, 0.3289797902107239, 0.32068344950675964, 0.30315640568733215, 0.28380003571510315, 0.29268431663513184, 0.2710820734500885, 0.2612663209438324, 0.2555892765522003, 0.2694150507450104, 0.2635059058666229, 0.24861374497413635, 0.24111424386501312, 0.23770123720169067, 0.23891209065914154, 0.23434920608997345, 0.23418688774108887, 0.23542623221874237, 0.22693485021591187, 0.22291789948940277, 0.22068141400814056, 0.22070714831352234, 0.22091837227344513, 0.21867743134498596, 0.21827247738838196], "iou_score": [0.47850897908210754, 0.5400506258010864, 0.5498356819152832, 0.5692320466041565, 0.5921095013618469, 0.582245409488678, 0.6081685423851013, 0.6199594736099243, 0.627245306968689, 0.6097331643104553, 0.6170744895935059, 0.6362589597702026, 0.6449699401855469, 0.6499444246292114, 0.6491020917892456, 0.654572606086731, 0.6544302701950073, 0.6525775790214539, 0.6631651520729065, 0.6684009432792664, 0.6708433628082275, 0.6718058586120605, 0.6711021065711975, 0.6734523773193359, 0.6753339171409607], "f1-score": [0.6126709580421448, 0.6710205674171448, 0.6793168783187866, 0.6968433856964111, 0.7161996364593506, 0.7073155641555786, 0.7289179563522339, 0.7387335300445557, 0.7444103360176086, 0.7305852174758911, 0.7364940047264099, 0.7513863444328308, 0.7588860988616943, 0.7622985243797302, 0.7610880732536316, 0.7656508684158325, 0.7658129334449768, 0.7645732760429382, 0.7730652689933777, 0.777082085609436, 0.7793184518814087, 0.7792929410934448, 0.7790816426277161, 0.781322717666626, 0.7817275524139404], "val_loss": [0.3574456572532654, 0.35708510875701904, 0.36168280243873596, 0.3536153733730316, 0.282998263835907, 0.2927934527397156, 0.2690524160861969, 0.25311535596847534, 0.25254353880882263, 0.32262176275253296, 0.2572033405303955, 0.2607490122318268, 0.26769736409187317, 0.2347688227891922, 0.23773080110549927, 0.24436810612678528, 0.2529606819152832, 0.24468302726745605, 0.23227977752685547, 0.2568873167037964, 0.2412363439798355, 0.24463842809200287, 0.26450881361961365, 0.22600412368774414, 0.243986114859581], "val_iou_score": [0.5080612897872925, 0.5177913308143616, 0.49673017859458923, 0.5126544237136841, 0.5975233912467957, 0.583134114742279, 0.6147124171257019, 0.6364455223083496, 0.6325843930244446, 0.5544580817222595, 0.6281129121780396, 0.6248807907104492, 0.6132004857063293, 0.6577377319335938, 0.6524441242218018, 0.6426866054534912, 0.6312053799629211, 0.6453016996383667, 0.6601323485374451, 0.6287745833396912, 0.6489154696464539, 0.644611120223999, 0.6258275508880615, 0.6668110489845276, 0.6487095952033997], "val_f1-score": [0.6425545811653137, 0.6429146528244019, 0.6383174061775208, 0.6463847160339355, 0.7170022130012512, 0.7072069644927979, 0.7309476137161255, 0.7468848824501038, 0.7474565505981445, 0.677378237247467, 0.7427968382835388, 0.7392514944076538, 0.732302725315094, 0.7652308344841003, 0.762269139289856, 0.7556319236755371, 0.7470391988754272, 0.7553168535232544, 0.7677203416824341, 0.7431126236915588, 0.758763313293457, 0.7553613781929016, 0.7354914546012878, 0.7739957571029663, 0.7560136318206787], "time": 6356.601068496704, "params": 24600725}