{"loss": [0.42483681440353394, 0.36624377965927124, 0.3391736149787903, 0.3303486406803131, 0.317397803068161, 0.3072216510772705, 0.30142757296562195, 0.2908320426940918, 0.28085291385650635, 0.2764309048652649, 0.2721225321292877, 0.2673988342285156, 0.2628543972969055, 0.25950971245765686, 0.2607247531414032, 0.25508296489715576, 0.2675780951976776, 0.26773664355278015, 0.2540660500526428, 0.266937255859375, 0.2722582221031189, 0.28303462266921997, 0.26496225595474243, 0.24673214554786682, 0.2504303753376007], "iou_score": [0.44546616077423096, 0.5081880688667297, 0.5392940640449524, 0.5505200624465942, 0.5653924345970154, 0.5774610638618469, 0.5849218964576721, 0.5966546535491943, 0.6078119277954102, 0.6123361587524414, 0.6174836158752441, 0.6231017708778381, 0.6289303302764893, 0.6328903436660767, 0.6316344738006592, 0.6382420659065247, 0.6230483055114746, 0.6220403909683228, 0.6379045844078064, 0.6236517429351807, 0.6169487237930298, 0.606596827507019, 0.6256127953529358, 0.6482878923416138, 0.6437433958053589], "f1-score": [0.5751634240150452, 0.633673369884491, 0.660642147064209, 0.6694886684417725, 0.6825422644615173, 0.6926834583282471, 0.6985101103782654, 0.7090168595314026, 0.7191065549850464, 0.7233547568321228, 0.7276468276977539, 0.7324191927909851, 0.7370430827140808, 0.7402046918869019, 0.7391451001167297, 0.7448596358299255, 0.7322878837585449, 0.7319900989532471, 0.7457917928695679, 0.7328709959983826, 0.7276296615600586, 0.7167643904685974, 0.7348183989524841, 0.7532507181167603, 0.7494999766349792], "val_loss": [0.39655712246894836, 0.3735898733139038, 0.39268672466278076, 0.38074901700019836, 0.3594418466091156, 0.3320530354976654, 0.2914595901966095, 0.3142196834087372, 0.27502864599227905, 0.28841131925582886, 0.27084943652153015, 0.2763213515281677, 0.2626185417175293, 0.2793734669685364, 0.2682260274887085, 0.249730184674263, 0.30026593804359436, 0.2704886496067047, 0.2824316620826721, 0.2962645888328552, 0.2816947102546692, 0.2709195911884308, 0.25928452610969543, 0.24938181042671204, 0.3597850501537323], "val_iou_score": [0.4787585139274597, 0.5045296549797058, 0.48818299174308777, 0.4965284466743469, 0.5262171030044556, 0.5526816248893738, 0.597672164440155, 0.5683478713035583, 0.6171209812164307, 0.600690484046936, 0.6214990615844727, 0.6160173416137695, 0.6319059133529663, 0.6122784614562988, 0.6252486705780029, 0.6459500193595886, 0.5850675106048584, 0.6203143000602722, 0.6083117127418518, 0.5947887301445007, 0.6096017956733704, 0.6205204725265503, 0.6341521143913269, 0.6457687616348267, 0.5216366052627563], "val_f1-score": [0.6034431457519531, 0.6264100670814514, 0.6073134541511536, 0.6192511320114136, 0.6405582427978516, 0.6679468154907227, 0.7085403203964233, 0.6857805252075195, 0.7249712944030762, 0.7115890979766846, 0.7291503548622131, 0.7236787676811218, 0.7373813986778259, 0.7206262350082397, 0.731773853302002, 0.7502692341804504, 0.6997339725494385, 0.7295116186141968, 0.7175681591033936, 0.7037350535392761, 0.7183053493499756, 0.7290810346603394, 0.7407153248786926, 0.7506183385848999, 0.6402149200439453], "time": 10211.086481809616, "params": 56291670}