{"loss": [0.4943568706512451, 0.42640045285224915, 0.39611440896987915, 0.37233710289001465, 0.3598245680332184, 0.349143385887146, 0.34155890345573425, 0.3335566520690918, 0.3272756338119507, 0.3210408687591553, 0.3144248127937317, 0.31033265590667725, 0.3025927245616913, 0.29975229501724243, 0.29502028226852417, 0.2923426330089569, 0.28946271538734436, 0.28364717960357666, 0.28033706545829773, 0.2791464626789093, 0.2724151909351349, 0.2789973318576813, 0.27099180221557617, 0.2720763087272644, 0.2787168622016907], "iou_score": [0.3656868636608124, 0.42954015731811523, 0.4613148868083954, 0.48748505115509033, 0.5013286471366882, 0.5136212706565857, 0.5220159292221069, 0.5315544605255127, 0.5388795137405396, 0.5452160239219666, 0.5528827905654907, 0.5584792494773865, 0.5670579075813293, 0.5708323121070862, 0.5765413045883179, 0.5793994665145874, 0.58243328332901, 0.5896267890930176, 0.5936324596405029, 0.5943806767463684, 0.6029883623123169, 0.5951706767082214, 0.6053101420402527, 0.6029151082038879, 0.5951894521713257], "f1-score": [0.5056434869766235, 0.5735995173454285, 0.6038855314254761, 0.6276623606681824, 0.6401755213737488, 0.6508569717407227, 0.6584413647651672, 0.6664432287216187, 0.6727244853973389, 0.6789591312408447, 0.6855753660202026, 0.6896669864654541, 0.6974068880081177, 0.7002483010292053, 0.704979658126831, 0.7076573371887207, 0.7105371952056885, 0.716352641582489, 0.7196627855300903, 0.7208535075187683, 0.7275848984718323, 0.7210025787353516, 0.7290082573890686, 0.7279237508773804, 0.7212836742401123], "val_loss": [0.4565373957157135, 0.4500332772731781, 0.42460060119628906, 0.37360548973083496, 0.3769676089286804, 0.36531582474708557, 0.33998429775238037, 0.3644622266292572, 0.31632378697395325, 0.3227265775203705, 0.3066883385181427, 0.3050015866756439, 0.30993425846099854, 0.3053132891654968, 0.3135773539543152, 0.29589927196502686, 0.308332622051239, 0.28030505776405334, 0.2813369631767273, 0.29310351610183716, 0.279745489358902, 0.27247512340545654, 0.2746158540248871, 0.2782425582408905, 0.2880863845348358], "val_iou_score": [0.404367595911026, 0.41473132371902466, 0.4339298605918884, 0.486664742231369, 0.48519086837768555, 0.494790256023407, 0.5259646773338318, 0.49683600664138794, 0.5531664490699768, 0.5460222363471985, 0.5659177899360657, 0.5680605173110962, 0.5604705214500427, 0.5668842196464539, 0.5583010911941528, 0.5761162042617798, 0.5644689798355103, 0.5960514545440674, 0.5948489308357239, 0.5798885226249695, 0.5959122180938721, 0.6049403548240662, 0.6012157201766968, 0.5980631113052368, 0.5901334881782532], "val_f1-score": [0.5434623956680298, 0.5499665141105652, 0.5753994584083557, 0.6263942122459412, 0.6230325698852539, 0.6346843838691711, 0.6600157022476196, 0.6355379223823547, 0.6836762428283691, 0.6772733330726624, 0.6933114528656006, 0.6949986219406128, 0.690065860748291, 0.6946865320205688, 0.6864230036735535, 0.704100489616394, 0.6916673183441162, 0.7196950912475586, 0.7186627388000488, 0.7068960666656494, 0.7202547788619995, 0.7275248169898987, 0.7253840565681458, 0.7217571139335632, 0.7119137048721313], "time": 9195.125884056091, "params": 29058662}