{"loss": [0.39012306928634644, 0.32503828406333923, 0.2920062839984894, 0.2828562259674072, 0.2708163857460022, 0.26517489552497864, 0.26231175661087036, 0.2599576413631439, 0.2514064311981201, 0.25293028354644775, 0.24608609080314636, 0.24420998990535736, 0.24050171673297882, 0.24181725084781647, 0.26525986194610596, 0.2423969805240631, 0.2319536954164505, 0.23688946664333344, 0.2281455248594284, 0.24132104218006134, 0.22843854129314423, 0.2287990152835846, 0.22255590558052063, 0.21792174875736237, 0.22721882164478302], "iou_score": [0.4858367443084717, 0.5548689365386963, 0.5936121344566345, 0.6055955290794373, 0.6200553774833679, 0.6274782419204712, 0.630666196346283, 0.634147047996521, 0.6435824632644653, 0.6417967677116394, 0.6496008634567261, 0.6522929668426514, 0.6564838886260986, 0.6556082963943481, 0.6336527466773987, 0.6542256474494934, 0.666096031665802, 0.6599642038345337, 0.6708868145942688, 0.655211329460144, 0.6702847480773926, 0.670562744140625, 0.6773033738136292, 0.6830752491950989, 0.6711779236793518], "f1-score": [0.6098775267601013, 0.674853503704071, 0.7078094482421875, 0.7170639038085938, 0.72910475730896, 0.7347617149353027, 0.7376769185066223, 0.7399184703826904, 0.7485599517822266, 0.7468595504760742, 0.7537189722061157, 0.7555750012397766, 0.7593127489089966, 0.7579097747802734, 0.7345471978187561, 0.7575510144233704, 0.7678922414779663, 0.7628081440925598, 0.7717864513397217, 0.758564829826355, 0.7713289260864258, 0.7710720300674438, 0.7772045135498047, 0.7820625901222229, 0.7726683020591736], "val_loss": [0.32009974122047424, 0.2793218195438385, 0.27450501918792725, 0.325981080532074, 0.2498609572649002, 0.26189273595809937, 0.25779399275779724, 0.26212558150291443, 0.24172092974185944, 0.25801199674606323, 0.24534346163272858, 0.259336918592453, 0.23725062608718872, 0.23789554834365845, 0.24408863484859467, 0.2344227284193039, 0.22869738936424255, 0.23034065961837769, 0.22987377643585205, 0.2252943068742752, 0.23254336416721344, 0.22872434556484222, 0.2218344807624817, 0.21958942711353302, 0.2351635843515396], "val_iou_score": [0.5670236349105835, 0.6109012961387634, 0.6174678206443787, 0.5563232898712158, 0.6488665342330933, 0.6337703466415405, 0.6398323774337769, 0.6306613087654114, 0.6571275591850281, 0.638480544090271, 0.6536181569099426, 0.6371020674705505, 0.6639307737350464, 0.6638479232788086, 0.6536189317703247, 0.6631750464439392, 0.6710926294326782, 0.6718419194221497, 0.6717619895935059, 0.6780504584312439, 0.6706753969192505, 0.6731870770454407, 0.6805995106697083, 0.6840310096740723, 0.6646759510040283], "val_f1-score": [0.6799002885818481, 0.7206779718399048, 0.7254949808120728, 0.6740184426307678, 0.7501394152641296, 0.7381070852279663, 0.7422051429748535, 0.7378749251365662, 0.7582792639732361, 0.7419881820678711, 0.7546563744544983, 0.740663468837738, 0.7627493739128113, 0.7621046900749207, 0.755911648273468, 0.7655773758888245, 0.7713028788566589, 0.7696595191955566, 0.770126461982727, 0.7747055888175964, 0.7674562335014343, 0.7712752223014832, 0.778165340423584, 0.7804104685783386, 0.7648364901542664], "time": 7752.956992864609, "params": 14226472}