{"loss": [0.37674394249916077, 0.3239790201187134, 0.3036283552646637, 0.2806585729122162, 0.27632632851600647, 0.27883797883987427, 0.25693678855895996, 0.26632001996040344, 0.25412994623184204, 0.250573068857193, 0.2487887293100357, 0.24063248932361603, 0.23955728113651276, 0.23681044578552246, 0.2317287027835846, 0.23332713544368744, 0.2347007393836975, 0.22727574408054352, 0.22622749209403992, 0.22104810178279877, 0.22866015136241913, 0.22488629817962646, 0.22096966207027435, 0.21908898651599884, 0.2166903018951416], "iou_score": [0.49061721563339233, 0.5460951924324036, 0.5697768926620483, 0.5959039330482483, 0.6009352803230286, 0.5989033579826355, 0.6253603100776672, 0.6150559782981873, 0.6290035247802734, 0.6340742707252502, 0.6354115009307861, 0.6466900706291199, 0.6481208205223083, 0.6511366367340088, 0.6579465866088867, 0.6554287075996399, 0.6533485054969788, 0.6631038188934326, 0.6640227437019348, 0.6702823042869568, 0.6614951491355896, 0.6659719944000244, 0.6714924573898315, 0.6727249026298523, 0.6763687133789062], "f1-score": [0.6232561469078064, 0.6760210394859314, 0.6963720917701721, 0.7193413376808167, 0.7236737012863159, 0.7211621403694153, 0.7430632710456848, 0.7336797714233398, 0.7458704113960266, 0.7494268417358398, 0.7512109279632568, 0.7593675255775452, 0.7604426145553589, 0.763189435005188, 0.7682715058326721, 0.7666727304458618, 0.7652992010116577, 0.7727243900299072, 0.7737724781036377, 0.778952419757843, 0.7713393568992615, 0.7751136422157288, 0.7790300250053406, 0.7809104323387146, 0.783309817314148], "val_loss": [0.34619832038879395, 0.31154969334602356, 0.28597497940063477, 0.28831762075424194, 0.2838279604911804, 0.26005640625953674, 0.27308687567710876, 0.2897600829601288, 0.28942766785621643, 0.27263692021369934, 0.2701956629753113, 0.25125759840011597, 0.2634745240211487, 0.24819916486740112, 0.23355638980865479, 0.23587962985038757, 0.2294158637523651, 0.2244042307138443, 0.24108530580997467, 0.2573792040348053, 0.33521708846092224, 0.22492314875125885, 0.23711156845092773, 0.22566057741641998, 0.26867997646331787], "val_iou_score": [0.5279163718223572, 0.5581028461456299, 0.5923066735267639, 0.5950383543968201, 0.5931921601295471, 0.6246323585510254, 0.6122108101844788, 0.5889801979064941, 0.5918748378753662, 0.6113531589508057, 0.6109943389892578, 0.6380283832550049, 0.6261373162269592, 0.6399549245834351, 0.6567883491516113, 0.6573213338851929, 0.6615644693374634, 0.6707034707069397, 0.6501918435096741, 0.6269544959068298, 0.548167884349823, 0.667168378829956, 0.6529584527015686, 0.669898271560669, 0.6118326187133789], "val_f1-score": [0.6538013815879822, 0.6884503960609436, 0.7140246629714966, 0.7116822004318237, 0.7161720991134644, 0.7399435043334961, 0.7269129753112793, 0.7102397680282593, 0.7105722427368164, 0.7273629307746887, 0.7298043370246887, 0.7487419843673706, 0.7365254759788513, 0.751801073551178, 0.7664433717727661, 0.7641205191612244, 0.770583987236023, 0.7755958437919617, 0.7589147090911865, 0.7426206469535828, 0.6647827625274658, 0.7750762701034546, 0.7628883719444275, 0.7743390798568726, 0.7313196659088135], "time": 5176.790975809097, "params": 14420449}