{"loss": [0.3356875777244568, 0.27354952692985535, 0.25403136014938354, 0.24176497757434845, 0.23534871637821198, 0.2328193485736847, 0.2178869992494583, 0.21511460840702057, 0.21115480363368988, 0.2123575657606125, 0.21019034087657928, 0.20619168877601624, 0.20843660831451416, 0.19972220063209534, 0.20362399518489838, 0.1973099559545517, 0.19752438366413116, 0.19799311459064484, 0.19418221712112427, 0.18966275453567505, 0.18859755992889404, 0.19650031626224518, 0.1886313408613205, 0.18376395106315613, 0.1880713403224945], "iou_score": [0.5365320444107056, 0.6051328182220459, 0.6292951107025146, 0.6443490386009216, 0.651499330997467, 0.6554051041603088, 0.6745582818984985, 0.6779279708862305, 0.6826280951499939, 0.681574821472168, 0.6836271286010742, 0.6895990967750549, 0.6866680979728699, 0.6980154514312744, 0.6939161419868469, 0.7012222409248352, 0.700884222984314, 0.6987541317939758, 0.7055596709251404, 0.710476279258728, 0.7121923565864563, 0.7020344734191895, 0.7126153707504272, 0.7176322937011719, 0.712523341178894], "f1-score": [0.6643122434616089, 0.7264506816864014, 0.7459686398506165, 0.7582353949546814, 0.7646512389183044, 0.7671809792518616, 0.7821130752563477, 0.7848852872848511, 0.7888457179069519, 0.7876423597335815, 0.7898091673851013, 0.7938084602355957, 0.7915635704994202, 0.8002777099609375, 0.7963760495185852, 0.8026894927024841, 0.8024751543998718, 0.8020067811012268, 0.8058178424835205, 0.8103367686271667, 0.8114023208618164, 0.8034996390342712, 0.8113688826560974, 0.8162356019020081, 0.8119285702705383], "val_loss": [0.2707301080226898, 0.2516079545021057, 0.2400534301996231, 0.2538595199584961, 0.22779376804828644, 0.2409801483154297, 0.221171036362648, 0.222989022731781, 0.2048872858285904, 0.21982017159461975, 0.24405725300312042, 0.2762834131717682, 0.22178013622760773, 0.2108718752861023, 0.1957327276468277, 0.19365079700946808, 0.1976855844259262, 0.2004416435956955, 0.22395893931388855, 0.1928795576095581, 0.21789899468421936, 0.19597232341766357, 0.1933404803276062, 0.19465716183185577, 0.20355656743049622], "val_iou_score": [0.6135947704315186, 0.6353518962860107, 0.6504595875740051, 0.6307024955749512, 0.6633121967315674, 0.6441175937652588, 0.6743105053901672, 0.6703600883483887, 0.6929307579994202, 0.673347532749176, 0.6388611793518066, 0.6122643947601318, 0.6718481183052063, 0.6859012246131897, 0.7038655877113342, 0.7082401514053345, 0.7023186087608337, 0.6998205184936523, 0.6699053049087524, 0.7102801203727722, 0.6785672307014465, 0.7058699727058411, 0.708702564239502, 0.7059046626091003, 0.6992533206939697], "val_f1-score": [0.7292695045471191, 0.7483920454978943, 0.7599467039108276, 0.7461403608322144, 0.77220618724823, 0.7590201497077942, 0.7788287997245789, 0.7770112752914429, 0.7951125502586365, 0.7801796793937683, 0.7559424042701721, 0.7237166166305542, 0.7782198190689087, 0.7891284227371216, 0.8042673468589783, 0.8063492178916931, 0.8023144006729126, 0.7995585203170776, 0.7760404348373413, 0.8071205019950867, 0.782101035118103, 0.8040273785591125, 0.8066595196723938, 0.8053425550460815, 0.7964432835578918], "time": 6931.368157625198, "params": 12577862}