{"fscores": [0.8172487649343735, 0.8408406161689523, 0.7617645357673151, 0.7323942558958533, 0.8366224673021858, 0.3939261208160273], "avg_fscore": 0.730488657951355, "avg_iou": 0.6066961288452148}