{"fscores": [0.8848316665127324, 0.9296143221363499, 0.8156834292208536, 0.8095654889113912, 0.8718420438841905, 0.5268070880142364], "avg_fscore": 0.8063951134681702, "avg_iou": 0.7058531045913696}