{"fscores": [0.8141073522658246, 0.8341077879257198, 0.7349842887434826, 0.7159295092267705, 0.7827664604923549, 0.3269121780805333], "avg_fscore": 0.7014880776405334, "avg_iou": 0.5842885971069336}