{"fscores": [0.8260850385346666, 0.8695357336215644, 0.7729545217674889, 0.7222078679090655, 0.8340245991136324, 0.4123537272148691], "avg_fscore": 0.7399230003356934, "avg_iou": 0.621909499168396}