{"fscores": [0.8538176598351853, 0.9006929106712208, 0.7922572058271493, 0.7633397567001958, 0.8615006814463126, 0.4557394071718261], "avg_fscore": 0.7712260484695435, "avg_iou": 0.6608798503875732}