{"fscores": [0.8845606848253879, 0.9314408356238942, 0.8184559455772386, 0.827542828933937, 0.8797657907855198, 0.5195889836814618], "avg_fscore": 0.8102286458015442, "avg_iou": 0.7126004695892334}