{"fscores": [0.8495634712422027, 0.8945060381767506, 0.7666170423318386, 0.7604281483619321, 0.8085804736649674, 0.38645846004538914], "avg_fscore": 0.7443604469299316, "avg_iou": 0.6375738978385925}