{"fscores": [0.863833824044513, 0.9128112290482553, 0.7953088794938707, 0.7869884766051939, 0.8503762455654326, 0.42783057915550143], "avg_fscore": 0.7728496789932251, "avg_iou": 0.6668286323547363}