{"fscores": [0.8340447149181774, 0.8630936271884556, 0.7782789161498506, 0.7546702661195283, 0.8387008173041244, 0.39946785605321217], "avg_fscore": 0.7447031140327454, "avg_iou": 0.6304055452346802}