{"fscores": [0.8538120497094052, 0.9042442043809679, 0.7812231248750193, 0.7853761976931823, 0.8501524194540511, 0.4510153027593512], "avg_fscore": 0.7709762454032898, "avg_iou": 0.6606564521789551}