{"fscores": [0.8804351529810763, 0.9299573729659294, 0.8125484522483329, 0.8178070778891636, 0.8611617564575326, 0.5035322862328042], "avg_fscore": 0.8009064197540283, "avg_iou": 0.7004121541976929}