{"fscores": [0.8595683218093454, 0.9012923133809972, 0.7929439061269288, 0.7870313196935752, 0.8568790623438225, 0.43192151320079214], "avg_fscore": 0.7716031074523926, "avg_iou": 0.6657404899597168}