{"fscores": [0.8303943399167937, 0.8827374486863552, 0.76793345853875, 0.7363269471226134, 0.8503468617571442, 0.4107359153774747], "avg_fscore": 0.7464259266853333, "avg_iou": 0.6295931935310364}