{"fscores": [0.8466285555790363, 0.8937822384340532, 0.7741890256613695, 0.7797696497677125, 0.8532905487384599, 0.4263728663250542], "avg_fscore": 0.7623385190963745, "avg_iou": 0.6515673398971558}