{"fscores": [0.8677800898637967, 0.9175254888657317, 0.808601866167247, 0.8092653747813449, 0.8325004161066291, 0.49556517792060795], "avg_fscore": 0.7885380983352661, "avg_iou": 0.6835411190986633}