{"fscores": [0.8484017595546799, 0.9117070579962402, 0.7593389513002319, 0.7957132304861008, 0.8680292977861798, 0.47217593279290715], "avg_fscore": 0.775892972946167, "avg_iou": 0.667068600654602}