{"fscores": [0.854843201648271, 0.904009455279654, 0.7947664218959353, 0.7942584571650142, 0.8664096647785423, 0.4630227186413333], "avg_fscore": 0.7795596718788147, "avg_iou": 0.6719812154769897}