{"fscores": [0.8705527445444101, 0.9146486837561331, 0.8060185943795429, 0.7766402825344082, 0.8637728497638111, 0.4925020243832935], "avg_fscore": 0.7873637080192566, "avg_iou": 0.6813669204711914}