{"fscores": [0.8807875537769059, 0.9337191617551268, 0.8187477942212865, 0.8099768855469572, 0.8722024148422737, 0.5039030830434819], "avg_fscore": 0.803223192691803, "avg_iou": 0.7036250233650208}